Author,Year,Lat,Lon,Biome,natvman,climzone,depth,SOC,MAOC,MAOCtoSOC
Amelung,1998,52.92,-105.8,Grassland,Natural,D,Topsoil,58.2,39.88,68.52233677
Amelung,1998,52.19,-106.17,Grassland,Natural,D,Topsoil,42.3,27.63,65.31914894
Amelung,1998,50.17,-107.5,Grassland,Natural,D,Topsoil,42.3,27.01,63.8534279
Amelung,1998,45.35,-95.55,Grassland,Natural,D,Topsoil,64,49.23,76.921875
Amelung,1998,46.5,-100.54,Grassland,Natural,D,Topsoil,31.6,22.64,71.64556962
Amelung,1998,48.33,-109.41,Grassland,Natural,B,Topsoil,16.4,9.92,60.48780488
Amelung,1998,44.5,-105.51,Grassland,Natural,B,Topsoil,18.6,12.57,67.58064516
Amelung,1998,41.22,-104.63,Grassland,Natural,B,Topsoil,8.1,6.99,86.2962963
Amelung,1998,41.43,-105.7,Grassland,Natural,D,Topsoil,12.3,7.41,60.24390244
Amelung,1998,40.1,-103.13,Grassland,Natural,B,Topsoil,16.9,9.92,58.69822485
Amelung,1998,40.26,-99.22,Grassland,Natural,D,Topsoil,29.9,23.12,77.32441472
Amelung,1998,38.53,-99.2,Grassland,Natural,C,Topsoil,27.5,18.69,67.96363636
Amelung,1998,40.48,-96.42,Grassland,Natural,D,Topsoil,40.5,29.39,72.56790123
Amelung,1998,39.11,-96.35,Grassland,Natural,C,Topsoil,30.7,24.24,78.95765472
Amelung,1998,37.2,-95.16,Grassland,Natural,C,Topsoil,26.8,19.84,74.02985075
Amelung,1998,32.15,-101.28,Grassland,Natural,B,Topsoil,11.3,7.51,66.46017699
Amelung,1998,33.06,-97.21,Grassland,Natural,C,Topsoil,59.7,41.76,69.94974874
Amelung,1998,29.42,-96.33,Grassland,Natural,C,Topsoil,23.7,15.12,63.79746835
Amelung,1998,30.05,-94.06,Grassland,Natural,C,Topsoil,24.7,16.06,65.02024291
Amelung,1998,27.45,-98.04,Grassland,Natural,C,Topsoil,16,12.56,78.5
Amelung,1998,27.57,-98.54,Grassland,Natural,C,Topsoil,22.5,22.22,98.75555556
Anderson,1981,50,-103.5,Cropland,Managed,D,Topsoil,17.1,16.04,93.80116959
Anderson,1981,50,-103.5,Cropland,Managed,D,Topsoil,33.2,30.7,92.46987952
Angers,1993,NA,NA,Cropland,Managed,NA,NA,27,17.07,63.22222222
Angers,1993,NA,NA,Cropland,Managed,NA,NA,27.5,17.12,62.25454545
Angers,1993,NA,NA,Cropland,Managed,NA,NA,25.8,13.98,54.18604651
Angers,1991,NA,NA,Cropland,Managed,NA,Topsoil,27.1,23.27,85.86715867
Angers,1991,NA,NA,Cropland,Managed,NA,Topsoil,35.2,29.87,84.85795455
Angers,1991,NA,NA,Cropland,Managed,NA,Topsoil,39.5,29.68,75.13924051
Balabane,2004,49,2,Cropland,Managed,C,Topsoil,11,8.73,79.36363636
Balabane,2004,49,2,Cropland,Managed,C,Topsoil,11,9.26,84.18181818
Balesdent,1998,43,0.5,Temperate Forest,Natural,C,Topsoil,52.6,47.4,90.11406844
Balesdent,1998,43,0.5,Cropland,Managed,C,Topsoil,30.9,25.8,83.49514563
Balesdent,1998,43,0.5,Cropland,Managed,C,Topsoil,17.8,14.08,79.1011236
Balesdent,1998,43,0.5,Temperate Forest,Natural,C,Topsoil,52.6,48.18,91.59695817
Balesdent,1998,43,0.5,Cropland,Managed,C,Topsoil,30.9,26.26,84.98381877
Balesdent,1998,43,0.5,Cropland,Managed,C,Topsoil,17.8,14.38,80.78651685
Balesdent,1998,NA,NA,Grassland,Natural,NA,NA,58.8,30.7,52.21088435
Balesdent,1998,NA,NA,Cropland,Managed,NA,NA,16.9,8.9,52.66272189
Balesdent,1998,NA,NA,Grassland,Natural,NA,NA,58.8,30.9,52.55102041
Balesdent,1998,NA,NA,Cropland,Managed,NA,NA,16.9,9.3,55.0295858
Barthes,2008,-4,13.3,Savanna,Natural,A,Topsoil,35,23.7,67.71428571
Barthes,2008,-4,13.3,Cropland,Managed,A,Topsoil,21.8,16.7,76.60550459
Barthes,2008,-4,13.3,Savanna,Natural,A,Topsoil,36.4,27.8,76.37362637
Barthes,2008,-4.1,13.3,Savanna,Natural,A,Topsoil,42.5,22.4,52.70588235
Barthes,2008,-4.1,13.3,Cropland,Managed,A,Topsoil,18.8,14.4,76.59574468
Barthes,2008,6.24,2.2,Cropland,Managed,A,Topsoil,5.1,2.9,56.8627451
Barthes,2008,6.24,2.2,Cropland,Managed,A,Topsoil,6.5,3.3,50.76923077
Barthes,2008,6.24,2.2,Cropland,Managed,A,Topsoil,11.4,5.3,46.49122807
Barthes,2008,6.24,2.2,Cropland,Managed,A,Topsoil,8.5,4.1,48.23529412
Barthes,2008,-16,-49.3,Savanna,Natural,A,Topsoil,22.6,15.9,70.3539823
Barthes,2008,-16,-49.3,Cropland,Managed,A,Topsoil,21.4,17.1,79.90654206
Barthes,2008,-21.22,-48.03,Cropland,Managed,A,Topsoil,20.7,12.6,60.86956522
Barthes,2008,-21.36,-48.22,Cropland,Managed,A,Topsoil,7.4,5.2,70.27027027
Barthes,2008,-21.12,-47.35,Cropland,Managed,C,Topsoil,7,4.1,58.57142857
Barthes,2008,-23.23,-51.11,Tropical Forest,Natural,C,Topsoil,30.8,17.3,56.16883117
Barthes,2008,-23.23,-51.11,Cropland,Managed,C,Topsoil,17.8,12.9,72.47191011
Barthes,2008,-23.23,-51.11,Cropland,Managed,C,Topsoil,23,15.7,68.26086957
Bates,1960,7.4,4,Tropical Forest,Natural,A,Topsoil,39.5,7.06,17.87341772
Besnard,2001,49,4,Cropland,Managed,C,Topsoil,15.2,8.58,56.44736842
Besnard,2001,49,4,Cropland,Managed,C,Topsoil,25.9,12.16,46.94980695
Besnard,2001,49,4,Cropland,Managed,C,Topsoil,52.2,18.57,35.57471264
Besnard,2001,49,4,Cropland,Managed,C,Topsoil,28.5,12.3,43.15789474
Besnard,2001,49,4,Cropland,Managed,C,Topsoil,15.2,9.06,59.60526316
Besnard,2001,49,4,Cropland,Managed,C,Topsoil,25.9,13.25,51.15830116
Besnard,2001,49,4,Cropland,Managed,C,Topsoil,52.2,20.66,39.57854406
Besnard,2001,49,4,Cropland,Managed,C,Topsoil,28.5,13.48,47.29824561
Bonde,1992,-22.7,-47.5,Tropical Forest,Natural,C,Topsoil,46.9,31.82,67.84648188
Bonde,1992,-22.7,-47.5,Tropical Forest,Natural,C,Topsoil,22.4,20.64,92.14285714
Bonde,1992,-22.7,-47.5,Tropical Forest,Natural,C,Topsoil,46.9,33.5408,71.51556503
Bonde,1992,-22.7,-47.5,Tropical Forest,Natural,C,Topsoil,22.4,21.334,95.24107143
Caravaca,1999,38,-1,Temperate Forest,Natural,B,Topsoil,41.1,22.89,55.69343066
Caravaca,1999,38,-1,Temperate Forest,Natural,B,Topsoil,34.7,21.38,61.61383285
Caravaca,1999,38,-1,Temperate Forest,Natural,B,Topsoil,61.1,43.74,71.58756137
Caravaca,1999,38,-1,Temperate Forest,Natural,B,Topsoil,60.2,43.88,72.89036545
Caravaca,1999,38,-1,Temperate Forest,Natural,B,Topsoil,45.2,20.9,46.23893805
Caravaca,1999,38,-1,Temperate Forest,Natural,B,Topsoil,50.6,38.28,75.65217391
Chan,2001,-31.5,147,Cropland,Managed,B,Topsoil,7.5,4.7,62.66666667
Chan,2001,-35,147.5,Cropland,Managed,C,Topsoil,17.5,8.7,49.71428571
Chan,2001,-35,147.5,Cropland,Managed,C,Topsoil,14.8,8.2,55.40540541
Chan,2001,-34,148.7,Cropland,Managed,C,Topsoil,16.8,5.4,32.14285714
Chan,2001,-34,148.7,Cropland,Managed,C,Topsoil,6.9,3.5,50.72463768
Chan,2001,-30,148,Cropland,Managed,B,Topsoil,18,7.3,40.55555556
Chan,2001,-33,151,Cropland,Managed,C,Topsoil,21.9,8.9,40.63926941
Chan,2001,-33,151,Cropland,Managed,C,Topsoil,18.4,9.7,52.7173913
Christensen,1985,55,9,Cropland,Managed,C,Topsoil,9.8,8.5,86.73469388
Christensen,1985,55,9,Cropland,Managed,C,Topsoil,17.3,15.3,88.43930636
Christensen,1985,55,9,Cropland,Managed,C,Topsoil,16.3,13.9,85.27607362
Christensen,1985,55,9,Cropland,Managed,C,Topsoil,13.5,12.6,93.33333333
Christensen,1985,55,9,Cropland,Managed,C,Topsoil,18,16.5,91.66666667
Christensen,1985,55,9,Cropland,Managed,C,Topsoil,9.8,8.6641,88.40918367
Christensen,1985,55,9,Cropland,Managed,C,Topsoil,17.3,15.5034,89.6150289
Christensen,1985,55,9,Cropland,Managed,C,Topsoil,16.3,14.098,86.49079755
Christensen,1985,55,9,Cropland,Managed,C,Topsoil,13.5,12.8064,94.86222222
Christensen,1985,55,9,Cropland,Managed,C,Topsoil,18,16.9233,94.01833333
Christensen,1986,56,9,Cropland,Managed,C,Topsoil,24,22.4,93.33333333
Christensen,1986,56,9,Cropland,Managed,C,Topsoil,23,21.5,93.47826087
Christensen,1986,55,9,Cropland,Managed,C,Topsoil,18,14.9,82.77777778
Christensen,1986,55,9,Cropland,Managed,C,Topsoil,16,13.5,84.375
Christensen,1987,56,9,Cropland,Managed,C,Topsoil,24.1,22.4,92.94605809
Christensen,1987,56,9,Cropland,Managed,C,Topsoil,23.4,21.7,92.73504274
Christensen,1987,55,10,Cropland,Managed,C,Topsoil,12.7,11.1,87.4015748
Christensen,1987,55,10,Cropland,Managed,C,Topsoil,11.7,10.7,91.45299145
Dalal,1986,-27,151,Cropland,Managed,C,Topsoil,16.3,14,85.88957055
Dalal,1986,-27,151,Cropland,Managed,C,Topsoil,22.3,14.8,66.367713
Dalal,1986,-27,151,Cropland,Managed,C,Topsoil,17.3,13.2,76.30057803
Dalal,1986,-29,150,Cropland,Managed,C,Topsoil,14.8,11.5,77.7027027
Dalal,1986,-29,149,Cropland,Managed,C,Topsoil,7.7,6.7,87.01298701
Dalal,1986,-27,149,Cropland,Managed,B,Topsoil,12.8,7.9,61.71875
Doetterl,2015,-30.20157,-71.25071,Savanna,Natural,B,Topsoil,6.6,2.6,39.39393939
Doetterl,2015,-31.81284,-71.50008,Savanna,Natural,B,Topsoil,7.4,1,13.51351351
Doetterl,2015,-32.87609,-70.52162,Savanna,Natural,C,Topsoil,18.4,7,38.04347826
Doetterl,2015,-33.99911,-71.14047,Savanna,Natural,C,Topsoil,14.3,3.3,23.07692308
Doetterl,2015,-33.4778,-70.83242,Savanna,Natural,C,Topsoil,21.7,10.2,47.00460829
Doetterl,2015,-33.33901,-71.61243,Savanna,Natural,C,Topsoil,12.9,5.7,44.18604651
Doetterl,2015,-33.96865,-71.87564,Grassland,Natural,C,Topsoil,32,5.1,15.9375
Doetterl,2015,-36.45816,-71.69721,Grassland,Natural,C,Topsoil,60.4,27.8,46.02649007
Doetterl,2015,-37.25344,-73.26686,Grassland,Natural,C,Topsoil,26.7,12.3,46.06741573
Doetterl,2015,-38.77412,-73.38968,Grassland,Natural,C,Topsoil,43.9,10.1,23.00683371
Doetterl,2015,-39.85941,-72.1112,Grassland,Natural,C,Topsoil,74.7,28.4,38.01874163
Doetterl,2015,-39.93245,-73.41283,Grassland,Natural,C,Topsoil,57,7.4,12.98245614
Doetterl,2015,-40.9034,-73.15404,Grassland,Natural,C,Topsoil,77.3,29.4,38.03363519
Doetterl,2015,-42.42186,-73.82429,Grassland,Natural,C,Topsoil,123.4,45.7,37.03403566
Doetterl,2015,-43.05791,-73.61712,Grassland,Natural,C,Topsoil,148.3,28.2,19.0155091
Doetterl,2015,-43.96393,-72.39653,Grassland,Natural,C,Topsoil,127,54.6,42.99212598
Doetterl,2015,-45.48736,-72.81482,Grassland,Natural,C,Topsoil,116.9,12.9,11.03507271
Doetterl,2015,-45.78639,-72.90757,Grassland,Natural,C,Topsoil,43.4,18.7,43.0875576
Doetterl,2015,-46.56823,-72.61276,Grassland,Natural,C,Topsoil,74.4,8.2,11.02150538
Doetterl,2015,-51.80696,-72.16488,Grassland,Natural,C,Topsoil,70.2,7,9.971509972
Doetterl,2015,-53.43267,-70.9886,Grassland,Natural,E,Topsoil,94.9,28.5,30.03161222
Doetterl,2015,-53.31478,-70.36106,Grassland,Natural,C,Topsoil,67.1,16.1,23.99403875
Doetterl,2015,-62.16196,-58.46611,Grassland,Natural,E,Topsoil,13.2,1.8,13.63636364
Doetterl,2015,-62.65007,-61.0833,Grassland,Natural,C,Topsoil,7.3,0.9,12.32876712
Elustondo,1990,45.5,-73,Cropland,Managed,D,Topsoil,20.1,17.4,86.56716418
Elustondo,1990,46,-72.5,Cropland,Managed,D,Topsoil,21.8,18,82.56880734
Elustondo,1990,46,-73.5,Cropland,Managed,D,Topsoil,21.2,17.8,83.96226415
Elustondo,1990,46,-72.6,Cropland,Managed,D,Topsoil,48.6,39.3,80.86419753
Elustondo,1990,46,-72,Cropland,Managed,D,Topsoil,28.4,24.2,85.21126761
Elustondo,1990,45.8,-73,Cropland,Managed,D,Topsoil,20.8,11.7,56.25
Elustondo,1990,48,-71,Cropland,Managed,D,Topsoil,23,19.8,86.08695652
Elustondo,1990,45.5,-73,Grassland,Natural,D,Topsoil,33,23.6,71.51515152
Elustondo,1990,46,-72.5,Grassland,Natural,D,Topsoil,28.1,21.3,75.80071174
Elustondo,1990,46,-73.5,Grassland,Natural,D,Topsoil,27.6,15.7,56.88405797
Elustondo,1990,46,-72.6,Grassland,Natural,D,Topsoil,52.3,37.6,71.89292543
Elustondo,1990,46,-72,Grassland,Natural,D,Topsoil,35.1,24.1,68.66096866
Elustondo,1990,45.8,-73,Grassland,Natural,D,Topsoil,27.4,17.9,65.32846715
Elustondo,1990,48,-71,Grassland,Natural,D,Topsoil,27.5,19.9,72.36363636
Feller,1996,14.5,-14.5,Grassland,Natural,B,Topsoil,2.5,1.5,60
Feller,1996,14.5,-14.5,Cropland,Managed,B,Topsoil,2.4,1.2,50
Feller,1996,14.5,-14.5,Cropland,Managed,B,Topsoil,2,1.4,70
Feller,1996,14.5,-14.5,Cropland,Managed,B,Topsoil,3.8,2.7,71.05263158
Feller,1996,14.5,-14.5,Savanna,Natural,B,Topsoil,6.7,3.9,58.20895522
Feller,1996,14.5,-14.5,Savanna,Natural,B,Topsoil,9.4,6,63.82978723
Feller,1996,14.5,-14.5,Cropland,Managed,B,Topsoil,6,3.7,61.66666667
Feller,1996,14.5,-14.5,Cropland,Managed,B,Topsoil,5.7,3.9,68.42105263
Feller,1996,14.5,-14.5,Cropland,Managed,B,Topsoil,5.1,3.2,62.74509804
Feller,1996,14.5,-14.5,Cropland,Managed,B,Topsoil,5.5,3.5,63.63636364
Feller,1996,14.5,-14.5,Savanna,Natural,B,Topsoil,12.3,7.5,60.97560976
Feller,1996,7.5,-5.5,Tropical Forest,Natural,A,Topsoil,17,9.8,57.64705882
Feller,1996,7.5,-5.5,Savanna,Natural,A,Topsoil,14.4,10.7,74.30555556
Feller,1996,7.5,-5.5,Savanna,Natural,A,Topsoil,12.3,9.7,78.86178862
Feller,1996,7.5,-5.5,Savanna,Natural,A,Topsoil,15.9,12.7,79.87421384
Feller,1996,7.5,-5.5,Cropland,Managed,A,Topsoil,12.3,9.7,78.86178862
Feller,1996,7.5,-5.5,Cropland,Managed,A,Topsoil,9.3,7.2,77.41935484
Feller,1996,7.5,-5.5,Savanna,Natural,A,Topsoil,10.9,8.4,77.06422018
Feller,1996,7.5,-5.5,Savanna,Natural,A,Topsoil,15.8,11.8,74.6835443
Feller,1996,7.5,-5.5,Tropical Forest,Natural,A,Topsoil,11.6,7.9,68.10344828
Feller,1996,7.5,-5.5,Savanna,Natural,A,Topsoil,11.4,7.8,68.42105263
Feller,1996,7.5,-5.5,Savanna,Natural,A,Topsoil,7.4,5,67.56756757
Feller,1996,8.5,1,Tropical Forest,Natural,A,Topsoil,18.3,13.1,71.58469945
Feller,1996,8.5,1,Savanna,Natural,A,Topsoil,10.5,5.5,52.38095238
Feller,1996,8.5,1,Cropland,Managed,A,Topsoil,6.8,4.7,69.11764706
Feller,1996,8.5,1,Cropland,Managed,A,Topsoil,5.3,3.5,66.03773585
Feller,1996,8.5,1,Cropland,Managed,A,Topsoil,5.5,3.9,70.90909091
Feller,1996,16.3,-61.5,Grassland,Natural,A,Topsoil,37.7,30.1,79.84084881
Feller,1996,16.3,-61.5,Cropland,Managed,A,Topsoil,18.5,16.9,91.35135135
Feller,1996,14,-61,Grassland,Natural,A,Topsoil,28.2,20.3,71.9858156
Feller,1996,14,-61,Cropland,Managed,A,Topsoil,18.3,14.8,80.87431694
Feller,1996,14.5,-61,Tropical Forest,Natural,A,Topsoil,19.5,16.3,83.58974359
Feller,1996,14.5,-61,Savanna,Natural,A,Topsoil,40.1,32.7,81.54613466
Feller,1996,14.5,-61,Grassland,Natural,A,Topsoil,33.4,25.4,76.04790419
Feller,1996,14.5,-61,Grassland,Natural,A,Topsoil,26,19.4,74.61538462
Feller,1996,14.5,-61,Cropland,Managed,A,Topsoil,11.5,9.8,85.2173913
Feller,1996,-3.5,-62,Tropical Forest,Natural,A,Topsoil,21.1,18,85.30805687
Feller,1996,-3.5,-62,Tropical Forest,Natural,A,Topsoil,41.5,34.2,82.40963855
Feller,1996,-3.5,-62,Tropical Forest,Natural,A,Topsoil,31.3,26.1,83.38658147
Feller,1996,-3.5,-62,Cropland,Managed,A,Topsoil,14.7,13.3,90.47619048
Feller,1996,-3.5,-62,Cropland,Managed,A,Topsoil,14.8,12.6,85.13513514
Feller,1996,-3.5,-62,Grassland,Natural,A,Topsoil,38.1,36.1,94.75065617
Feller,1996,-3.5,-62,Cropland,Managed,A,Topsoil,34.9,33.3,95.41547278
Feller,1996,-3.5,-62,Cropland,Managed,A,Topsoil,28.3,27.4,96.81978799
Feng,2014,43.5,124.8,Cropland,Managed,D,Topsoil,12.9,9,69.76744186
Feng,2014,43.5,124.8,Cropland,Managed,D,Topsoil,14.4,9.1,63.19444444
Feng,2014,43.5,124.8,Cropland,Managed,D,Topsoil,23.7,12.9,54.43037975
Feng,2014,43.5,124.8,Cropland,Managed,D,Topsoil,26.8,13.7,51.11940299
Feng,2014,34.78,113.67,Cropland,Managed,C,Topsoil,7.5,6.8,90.66666667
Feng,2014,34.78,113.67,Cropland,Managed,C,Topsoil,7.8,6.7,85.8974359
Feng,2014,34.78,113.67,Cropland,Managed,C,Topsoil,11.1,8.4,75.67567568
Feng,2014,34.78,113.67,Cropland,Managed,C,Topsoil,11.5,9.1,79.13043478
Feng,2014,26.75,111.87,Cropland,Managed,C,Topsoil,8.3,6,72.28915663
Feng,2014,26.75,111.87,Cropland,Managed,C,Topsoil,11,7.2,65.45454545
Feng,2014,26.75,111.87,Cropland,Managed,C,Topsoil,16.1,9.3,57.76397516
Feng,2014,26.75,111.87,Cropland,Managed,C,Topsoil,20.5,11.9,58.04878049
Feng,2014,36.9,120.7,Cropland,Managed,D,Topsoil,12.3,9.7,78.86178862
Feng,2014,36.9,120.7,Cropland,Managed,D,Topsoil,19.8,14.3,72.22222222
Feng,2014,52.82,104.6,Cropland,Managed,D,Topsoil,35.1,27.3,77.77777778
Feng,2014,52.82,104.6,Cropland,Managed,D,Topsoil,36.9,28.7,77.77777778
Feng,2014,52.82,104.6,Cropland,Managed,D,Topsoil,37.3,28.8,77.21179625
Feng,2014,52.1,114.2,Cropland,Managed,D,Topsoil,29.8,18.7,62.75167785
Feng,2014,52.1,114.2,Cropland,Managed,D,Topsoil,35.7,24.5,68.62745098
Feng,2014,52.1,114.2,Cropland,Managed,D,Topsoil,37.3,23.7,63.53887399
Feng,2014,52.1,114.2,Cropland,Managed,D,Topsoil,40.2,25.5,63.43283582
Feng,2014,52.1,114.2,Cropland,Managed,D,Topsoil,24.5,17.1,69.79591837
Feng,2014,52.1,114.2,Cropland,Managed,D,Topsoil,24.9,16.4,65.86345382
Feng,2014,52.1,114.2,Cropland,Managed,D,Topsoil,24,16.3,67.91666667
Feng,2014,52.1,114.2,Cropland,Managed,D,Topsoil,31.3,22.8,72.84345048
Guggenberger,1994,43.53,11.48,Temperate Forest,Natural,C,Topsoil,84.2,71.7,85.1543943
Guggenberger,1994,43.53,11.48,Temperate Forest,Natural,C,Topsoil,59.3,46.4,78.24620573
Guggenberger,1994,43.53,11.48,Grassland,Natural,C,Topsoil,72.7,52,71.52682256
Guggenberger,1994,43.53,11.48,Cropland,Managed,C,Topsoil,24.6,24.2,98.37398374
Guggenberger,1995,4.37,-71.19,Savanna,Natural,A,Topsoil,22.6,19.6,86.72566372
Guggenberger,1995,5.37,-72.19,Grassland,Natural,A,Topsoil,26.6,22.3,83.83458647
Guggenberger,1995,6.37,-73.19,Grassland,Natural,A,Topsoil,26,22.6,86.92307692
Guibert,1999,8.7,16.6,Cropland,Managed,A,Topsoil,5.5,4.2,76.36363636
Guibert,1999,8.7,16.6,Cropland,Managed,A,Topsoil,6.3,4.7,74.6031746
Guibert,1999,8.7,16.6,Cropland,Managed,A,Topsoil,2.7,2.1,77.77777778
Guibert,1999,8.7,16.6,Cropland,Managed,A,Topsoil,3.1,2.1,67.74193548
Guibert,1999,6.2,-6,Cropland,Managed,A,Topsoil,8.9,5.5,61.79775281
Guibert,1999,6.2,-6,Cropland,Managed,A,Topsoil,10.4,6.6,63.46153846
Guibert,1999,6.2,-6,Cropland,Managed,A,Topsoil,6.7,4.6,68.65671642
Guibert,1999,6.2,-6,Cropland,Managed,A,Topsoil,9.1,5.1,56.04395604
Guibert,1999,8.7,16.6,Cropland,Managed,A,Topsoil,5.5,4.5,81.81818182
Guibert,1999,8.7,16.6,Cropland,Managed,A,Topsoil,6.3,5,79.36507937
Guibert,1999,8.7,16.6,Cropland,Managed,A,Topsoil,2.7,2.3,85.18518519
Guibert,1999,8.7,16.6,Cropland,Managed,A,Topsoil,3.1,2.2,70.96774194
Guibert,1999,6.2,-6,Cropland,Managed,A,Topsoil,8.9,5.9,66.29213483
Guibert,1999,6.2,-6,Cropland,Managed,A,Topsoil,10.4,7,67.30769231
Guibert,1999,6.2,-6,Cropland,Managed,A,Topsoil,6.7,4.9,73.13432836
Guibert,1999,6.2,-6,Cropland,Managed,A,Topsoil,9.1,5.6,61.53846154
Hassink,1997,53,6,Grassland,Natural,C,Topsoil,28.7,4.1,14.28571429
Hassink,1997,51.2,5.6,Grassland,Natural,C,Topsoil,15,3.6,24
Hassink,1997,52.4,6.2,Grassland,Natural,C,Topsoil,19.8,0.9,4.545454545
Hassink,1997,52.3,6.4,Grassland,Natural,C,Topsoil,22.7,1,4.405286344
Hassink,1997,53,6.6,Grassland,Natural,C,Topsoil,43.8,7.5,17.12328767
Hassink,1997,52,5.6,Grassland,Natural,C,Topsoil,30.9,10.2,33.00970874
Hassink,1997,52.2,6.5,Grassland,Natural,C,Topsoil,39.1,3,7.672634271
Hassink,1997,52.4,6.2,Grassland,Natural,C,Topsoil,46.8,3.6,7.692307692
Hassink,1997,53.2,7,Grassland,Natural,C,Topsoil,53.7,11.1,20.67039106
Hassink,1997,52.5,5.5,Grassland,Natural,C,Topsoil,30.7,18.6,60.58631922
Hassink,1997,53.3,6.3,Grassland,Natural,C,Topsoil,53.7,27.5,51.21042831
Hassink,1997,53.3,6.5,Grassland,Natural,C,Topsoil,35.5,13.5,38.02816901
Hassink,1997,51.8,5.3,Grassland,Natural,C,Topsoil,39.9,19.9,49.87468672
Hassink,1997,51.8,5.3,Grassland,Natural,C,Topsoil,60.7,31,51.0708402
Hassink,1997,51.2,5.6,Cropland,Managed,C,Topsoil,9.3,3.6,38.70967742
Hassink,1997,53,6.6,Cropland,Managed,C,Topsoil,23.8,7.4,31.09243697
Hassink,1997,51.2,5.6,Grassland,Natural,C,Subsoil,12.1,3.4,28.09917355
Hassink,1997,51.2,5.6,Grassland,Natural,C,Subsoil,9.7,3.4,35.05154639
Hassink,1997,52,5.6,Grassland,Natural,C,Topsoil,23.4,9.7,41.45299145
Hassink,1997,53.3,6.3,Grassland,Natural,C,Topsoil,41.9,21.2,50.59665871
Hassink,1997,52.4,6.2,Grassland,Natural,C,Topsoil,19.8,1.4,7.070707071
Hassink,1997,53.2,7,Grassland,Natural,C,Topsoil,53.7,11.3,21.04283054
Hassink,1997,53.2,7,Grassland,Natural,C,Topsoil,30.2,20.3,67.21854305
Hassink,1997,53,6.6,Cropland,Managed,C,Topsoil,41.1,13,31.63017032
Hassink,1997,51.2,5.6,Cropland,Managed,C,Topsoil,14.2,3.6,25.35211268
Huang,2008,NA,NA,Cropland,Managed,NA,NA,8.8,5.6,63.63636364
Jandl,2004,51.4,11.8,Cropland,Managed,C,Topsoil,16,14.1,88.125
Jandl,2004,51.4,11.8,Cropland,Managed,C,Topsoil,24,18,75
Jandl,2004,51.4,11.8,Cropland,Managed,C,Topsoil,16,14.56,91
Jandl,2004,51.4,11.8,Cropland,Managed,C,Topsoil,24,19.4496,81.04
Kahle,2002,51.497,11.9688,Grassland,Natural,C,Subsoil,19.7,17.8,90.35532995
Kahle,2002,51.497,11.9688,Cropland,Managed,C,Subsoil,11.6,9.9,85.34482759
Kahle,2002,51.497,11.9688,Cropland,Managed,C,Topsoil,15.3,12.8,83.66013072
Kahle,2002,51.497,11.9688,Cropland,Managed,C,Subsoil,13.7,11,80.2919708
Kahle,2002,51.497,11.9688,Cropland,Managed,C,Subsoil,12,9.8,81.66666667
Kahle,2002,51.497,11.9688,Cropland,Managed,C,Subsoil,8.7,7,80.45977011
Kahle,2002,51.497,11.9688,Cropland,Managed,C,Topsoil,11.3,8.5,75.22123894
Kahle,2002,51.497,11.9688,Grassland,Natural,C,Subsoil,19.7,18.3074,92.93096447
Kahle,2002,51.497,11.9688,Cropland,Managed,C,Subsoil,11.6,10.5072,90.57931034
Kahle,2002,51.497,11.9688,Cropland,Managed,C,Topsoil,15.3,13.7191,89.66732026
Kahle,2002,51.497,11.9688,Cropland,Managed,C,Subsoil,13.7,11.9357,87.12189781
Kahle,2002,51.497,11.9688,Cropland,Managed,C,Subsoil,12,10.7929,89.94083333
Kahle,2002,51.497,11.9688,Cropland,Managed,C,Subsoil,8.7,7.699,88.49425287
Kahle,2002,51.497,11.9688,Cropland,Managed,C,Topsoil,11.3,9.2193,81.58672566
Kolbl,2006,48.5,11.5,Cropland,Managed,C,Topsoil,17,11.8,69.41176471
Kolbl,2006,48.5,11.5,Cropland,Managed,C,Topsoil,14,9.6,68.57142857
Larre-Larrouy,2003,14.25,-60.53,Cropland,Managed,A,Topsoil,11.7,8.3,70.94017094
Leinweber,1992,54,12,Cropland,Managed,C,NA,2.7,2.3,85.18518519
Leinweber,1992,54,12,Cropland,Managed,C,NA,8.6,2.8,32.55813953
Leinweber,1992,54,12,Cropland,Managed,C,NA,10.1,5.6,55.44554455
Leinweber,1992,54,12,Cropland,Managed,C,NA,9.6,6.4,66.66666667
Leinweber,1992,54,12,Cropland,Managed,C,NA,4.9,2.7,55.10204082
Leinweber,1992,54,12,Cropland,Managed,C,NA,11.2,6,53.57142857
Leinweber,1992,54,12,Cropland,Managed,C,NA,14.1,7.2,51.06382979
Leinweber,1992,54,12,Cropland,Managed,C,NA,14.4,10.3,71.52777778
Leinweber,1992,54,12,Cropland,Managed,C,NA,12,11.1,92.5
Leinweber,1992,54,12,Cropland,Managed,C,NA,7,4.2,60
Leinweber,1992,54,12,Cropland,Managed,C,NA,11.2,3.5,31.25
Leinweber,1992,54,12,Cropland,Managed,C,NA,17,9.7,57.05882353
Leinweber,1992,54,12,Cropland,Managed,C,NA,19,11.8,62.10526316
Leinweber,1992,54,12,Cropland,Managed,C,NA,15.8,13,82.27848101
Leinweber,1992,54,12,Cropland,Managed,C,NA,7.4,4.6,62.16216216
Leinweber,1992,54,12,Cropland,Managed,C,NA,17.7,8.3,46.89265537
Leinweber,1992,54,12,Cropland,Managed,C,NA,22.2,12.9,58.10810811
Leinweber,1992,54,12,Cropland,Managed,C,NA,26.8,15.3,57.08955224
Leinweber,1992,54,12,Cropland,Managed,C,NA,24.5,17.9,73.06122449
Leinweber,1992,54,12,Cropland,Managed,C,NA,2.7,2.5,92.59259259
Leinweber,1992,54,12,Cropland,Managed,C,NA,8.6,2.8,32.55813953
Leinweber,1992,54,12,Cropland,Managed,C,NA,10.1,6,59.40594059
Leinweber,1992,54,12,Cropland,Managed,C,NA,9.6,6.8,70.83333333
Leinweber,1992,54,12,Cropland,Managed,C,NA,4.9,3,61.2244898
Leinweber,1992,54,12,Cropland,Managed,C,NA,11.2,6.4,57.14285714
Leinweber,1992,54,12,Cropland,Managed,C,NA,14.1,7.9,56.02836879
Leinweber,1992,54,12,Cropland,Managed,C,NA,14.4,10.8,75
Leinweber,1992,54,12,Cropland,Managed,C,NA,12,11.8,98.33333333
Leinweber,1992,54,12,Cropland,Managed,C,NA,7,4.7,67.14285714
Leinweber,1992,54,12,Cropland,Managed,C,NA,11.2,4.5,40.17857143
Leinweber,1992,54,12,Cropland,Managed,C,NA,17,10.2,60
Leinweber,1992,54,12,Cropland,Managed,C,NA,19,12.6,66.31578947
Leinweber,1992,54,12,Cropland,Managed,C,NA,15.8,14,88.60759494
Leinweber,1992,54,12,Cropland,Managed,C,NA,7.4,5,67.56756757
Leinweber,1992,54,12,Cropland,Managed,C,NA,17.7,9,50.84745763
Leinweber,1992,54,12,Cropland,Managed,C,NA,22.2,13.7,61.71171171
Leinweber,1992,54,12,Cropland,Managed,C,NA,26.8,16.4,61.19402985
Leinweber,1992,54,12,Cropland,Managed,C,NA,24.5,19,77.55102041
Li,2009,39.14,99.84,Grassland,Natural,B,Topsoil,3.1,2.5,80.64516129
Li,2009,39.14,99.84,Cropland,Managed,B,Topsoil,5.2,3.6,69.23076923
Li,2009,39.14,99.84,Cropland,Managed,B,Topsoil,4.6,2.7,58.69565217
Li,2009,39.14,99.84,Cropland,Managed,B,Topsoil,7.3,3.4,46.57534247
Li,2009,39.14,99.84,Grassland,Natural,B,Topsoil,3.7,3,81.08108108
Li,2009,39.14,99.84,Cropland,Managed,B,Topsoil,4.9,3.3,67.34693878
Li,2009,39.14,99.84,Cropland,Managed,B,Topsoil,3.2,2.1,65.625
Li,2009,39.14,99.84,Cropland,Managed,B,Topsoil,4.7,3.1,65.95744681
Li,2009,39.14,99.84,Grassland,Natural,B,Subsoil,4.2,3.4,80.95238095
Li,2009,39.14,99.84,Cropland,Managed,B,Subsoil,4.4,2.9,65.90909091
Li,2009,39.14,99.84,Cropland,Managed,B,Subsoil,2.7,1.8,66.66666667
Li,2009,39.14,99.84,Cropland,Managed,B,Subsoil,4.1,2.9,70.73170732
Liang,2009,45,127.5,Grassland,Natural,D,Topsoil,31.8,23.2,72.95597484
Liang,2009,45,127.5,Grassland,Natural,D,Topsoil,31.8,21.9,68.86792453
Liang,2009,45,127.5,Grassland,Natural,D,Topsoil,31.8,20.8,65.40880503
Liang,2009,45,127.5,Grassland,Natural,D,Topsoil,31.8,25.4,79.87421384
Liang,2009,45,127.5,Grassland,Natural,D,Topsoil,31.8,21.5,67.61006289
Liang,2009,45,127.5,Grassland,Natural,D,Topsoil,31.8,28.5,89.62264151
Liang,2009,45,127.5,Grassland,Natural,D,Topsoil,31.8,21.1,66.35220126
Liang,2009,45,127.5,Grassland,Natural,D,Topsoil,31.8,29.2,91.82389937
Liang,2009,45,127.5,Grassland,Natural,D,Topsoil,31.8,26.4,83.01886792
Liang,2009,45,127.5,Grassland,Natural,D,Topsoil,31.8,21.7,68.23899371
Liang,2009,45,127.5,Grassland,Natural,D,Topsoil,31.8,26.5,83.33333333
Liang,2009,45,127.5,Grassland,Natural,D,Topsoil,31.8,28,88.05031447
Liang,2009,45,127.5,Grassland,Natural,D,Topsoil,31.8,30.7,96.5408805
Liang,2009,45,127.5,Grassland,Natural,D,Topsoil,31.8,29.7,93.39622642
Liang,2009,45,127.5,Grassland,Natural,D,Topsoil,31.8,29.4,92.45283019
Liang,2009,45,127.5,Grassland,Natural,D,Topsoil,31.8,25.7,80.81761006
Liang,2009,45,127.5,Grassland,Natural,D,Topsoil,31.8,22,69.18238994
Liang,2009,45,127.5,Grassland,Natural,D,Topsoil,31.8,27.8,87.42138365
Liang,2009,45,127.5,Grassland,Natural,D,Topsoil,31.8,15.9,50
Liang,2009,45,127.5,Grassland,Natural,D,Topsoil,31.8,29.2,91.82389937
Liang,2009,45,127.5,Grassland,Natural,D,Topsoil,31.8,16,50.31446541
Liang,2009,45,127.5,Grassland,Natural,D,Topsoil,31.8,14.5,45.59748428
Liang,2009,45,127.5,Grassland,Natural,D,Topsoil,31.8,26.2,82.38993711
Liang,2009,45,127.5,Grassland,Natural,D,Topsoil,31.8,12.9,40.56603774
Liang,2009,45,127.5,Grassland,Natural,D,Topsoil,31.8,18.3,57.54716981
Liang,2009,45,127.5,Grassland,Natural,D,Topsoil,31.8,16.8,52.83018868
Liang,2009,45,127.5,Grassland,Natural,D,Topsoil,31.8,18.3,57.54716981
Liang,2009,45,127.5,Cropland,Managed,D,Topsoil,22.9,18.9,82.53275109
Liang,2009,45,127.5,Cropland,Managed,D,Topsoil,22.9,19,82.96943231
Liang,2009,45,127.5,Cropland,Managed,D,Topsoil,22.9,16.9,73.79912664
Liang,2009,45,127.5,Cropland,Managed,D,Topsoil,22.9,18.3,79.91266376
Liang,2009,45,127.5,Cropland,Managed,D,Topsoil,22.9,17.1,74.67248908
Liang,2009,45,127.5,Cropland,Managed,D,Topsoil,22.9,17.9,78.16593886
Liang,2009,45,127.5,Cropland,Managed,D,Topsoil,22.9,21.5,93.88646288
Liang,2009,45,127.5,Cropland,Managed,D,Topsoil,22.9,15.5,67.68558952
Liang,2009,45,127.5,Cropland,Managed,D,Topsoil,22.9,18,78.60262009
Liang,2009,45,127.5,Cropland,Managed,D,Topsoil,22.9,22.7,99.12663755
Liang,2009,45,127.5,Cropland,Managed,D,Topsoil,22.9,21.7,94.75982533
Liang,2009,45,127.5,Cropland,Managed,D,Topsoil,22.9,21.7,94.75982533
Liang,2009,45,127.5,Cropland,Managed,D,Topsoil,22.9,11.9,51.9650655
Liang,2009,45,127.5,Cropland,Managed,D,Topsoil,22.9,21,91.70305677
Liang,2009,45,127.5,Cropland,Managed,D,Topsoil,22.9,13.3,58.07860262
Liang,2009,45,127.5,Cropland,Managed,D,Topsoil,22.9,12.9,56.33187773
Liang,2009,45,127.5,Cropland,Managed,D,Topsoil,22.9,13.4,58.51528384
Liang,2009,45,127.5,Cropland,Managed,D,Topsoil,22.9,8.4,36.68122271
Liang,2009,45,127.5,Cropland,Managed,D,Topsoil,22.9,12.7,55.45851528
Liang,2009,45,127.5,Cropland,Managed,D,Topsoil,22.9,12.7,55.45851528
Liang,2009,45,127.5,Cropland,Managed,D,Topsoil,22.9,15.2,66.37554585
Matus,2008,NA,NA,Temperate Forest,Natural,NA,NA,97.8,87.6,89.57055215
Matus,2008,NA,NA,Temperate Forest,Natural,NA,NA,93.5,86.8,92.8342246
Matus,2008,NA,NA,Temperate Forest,Natural,NA,NA,67.6,67.1,99.26035503
Matus,2008,NA,NA,Temperate Forest,Natural,NA,NA,43.9,41,93.39407745
Matus,2008,NA,NA,Temperate Forest,Natural,NA,NA,89,75.4,84.71910112
Matus,2008,NA,NA,Temperate Forest,Natural,NA,NA,77,59.2,76.88311688
Matus,2008,NA,NA,Temperate Forest,Natural,NA,NA,65.4,45.3,69.26605505
Matus,2008,NA,NA,Temperate Forest,Natural,NA,NA,72.4,50.3,69.47513812
Matus,2008,NA,NA,Temperate Forest,Natural,NA,NA,40.7,35,85.995086
Matus,2008,NA,NA,Temperate Forest,Natural,NA,NA,41.3,35.5,85.95641646
Matus,2008,NA,NA,Temperate Forest,Natural,NA,NA,54.9,48.9,89.07103825
Matus,2008,NA,NA,Temperate Forest,Natural,NA,NA,38,30.5,80.26315789
Matus,2008,NA,NA,Temperate Forest,Natural,NA,NA,35.2,28,79.54545455
Matus,2008,NA,NA,Temperate Forest,Natural,NA,NA,39.8,37,92.96482412
Matus,2008,NA,NA,Temperate Forest,Natural,NA,NA,32.4,31.9,98.45679012
Matus,2008,NA,NA,Cropland,Managed,NA,NA,18,17.9,99.44444444
Matus,2008,NA,NA,Cropland,Managed,NA,NA,27,26.3,97.40740741
Matus,2008,NA,NA,Cropland,Managed,NA,NA,20,19.3,96.5
Matus,2008,NA,NA,Cropland,Managed,NA,NA,21,19.1,90.95238095
Matus,2008,NA,NA,Cropland,Managed,NA,NA,19.4,18.8,96.90721649
Matus,2008,NA,NA,Cropland,Managed,NA,NA,18.7,18.6,99.46524064
Matus,2008,NA,NA,Cropland,Managed,NA,NA,9.3,8,86.02150538
Matus,2008,NA,NA,Cropland,Managed,NA,NA,13.6,10.1,74.26470588
McKeague,1971,52.5,-111,Grassland,Natural,D,NA,43,34.2,79.53488372
McKeague,1971,53,-112,Grassland,Natural,D,NA,33,22.4,67.87878788
McKeague,1971,53,-112,Grassland,Natural,D,NA,65,47.9,73.69230769
McKeague,1971,49.2,-98.4,Grassland,Natural,D,NA,66,50.6,76.66666667
McKeague,1971,53.5,-113,Boreal Forest,Natural,D,NA,32,20.8,65
McKeague,1971,43,-80.3,Temperate Forest,Natural,D,NA,37,25.7,69.45945946
McKeague,1971,43.5,-80.2,Temperate Forest,Natural,D,NA,41,26.1,63.65853659
McKeague,1971,43.5,-80.2,Temperate Forest,Natural,D,NA,40,30.2,75.5
McKeague,1971,43.5,-80.2,Grassland,Natural,D,NA,66,38.1,57.72727273
McKeague,1971,44,-78.5,Grassland,Natural,D,NA,52,30.1,57.88461538
McKeague,1971,43.5,-80.2,Grassland,Natural,D,NA,50,37.2,74.4
McKeague,1971,49.7,-103.9,Grassland,Natural,D,NA,79,70.7,89.49367089
McKeague,1971,49.2,-102.2,Grassland,Natural,D,NA,49,47.4,96.73469388
McKeague,1971,49.2,-102.2,Grassland,Natural,D,NA,49,43.1,87.95918367
McKeague,1971,52.5,-111,Grassland,Natural,D,NA,43,36.5,84.88372093
McKeague,1971,53,-112,Grassland,Natural,D,NA,33,23,69.6969697
McKeague,1971,53,-112,Grassland,Natural,D,NA,65,48.7,74.92307692
McKeague,1971,49.2,-98.4,Grassland,Natural,D,NA,66,53.3,80.75757576
McKeague,1971,53.5,-113,Boreal Forest,Natural,D,NA,32,21.3,66.5625
McKeague,1971,43,-80.3,Temperate Forest,Natural,D,NA,37,32.9,88.91891892
McKeague,1971,43.5,-80.2,Temperate Forest,Natural,D,NA,41,26.3,64.14634146
McKeague,1971,43.5,-80.2,Temperate Forest,Natural,D,NA,40,30.6,76.5
McKeague,1971,43.5,-80.2,Grassland,Natural,D,NA,66,56.9,86.21212121
McKeague,1971,44,-78.5,Grassland,Natural,D,NA,52,43.2,83.07692308
McKeague,1971,43.5,-80.2,Grassland,Natural,D,NA,50,38,76
McKeague,1971,49.7,-103.9,Grassland,Natural,D,NA,79,71.3,90.25316456
McKeague,1971,49.2,-102.2,Grassland,Natural,D,NA,49,47.6,97.14285714
McKeague,1971,49.2,-102.2,Grassland,Natural,D,NA,49,43.5,88.7755102
Nacro,1996,6.13,-5.2,Savanna,Natural,A,Topsoil,7.9,6,75.94936709
Nacro,1996,6.13,-5.2,Savanna,Natural,A,Topsoil,7.9,6.5,82.27848101
Pineiro,2009,-32,-57.08,Grassland,Natural,C,Topsoil,30.2,25.7,85.09933775
Pineiro,2009,-32,-57.08,Grassland,Natural,C,Topsoil,23.6,21.2,89.83050847
Pineiro,2009,-32,-57.08,Grassland,Natural,C,Topsoil,24.2,20.1,83.05785124
Pineiro,2009,-31.5,-58.17,Grassland,Natural,C,Topsoil,17.7,14.8,83.61581921
Pineiro,2009,-31.5,-58.17,Grassland,Natural,C,Topsoil,26.5,21.5,81.13207547
Pineiro,2009,-31.5,-58.17,Grassland,Natural,C,Topsoil,23.7,19.7,83.12236287
Pineiro,2009,-33.52,-55.33,Grassland,Natural,C,Topsoil,21,18.4,87.61904762
Pineiro,2009,-33.19,-56.58,Grassland,Natural,C,Topsoil,46.2,41.5,89.82683983
Pineiro,2009,-33.19,-56.58,Grassland,Natural,C,Topsoil,19.7,17.1,86.80203046
Pineiro,2009,-33.19,-56.58,Grassland,Natural,C,Topsoil,33.9,30.3,89.38053097
Pineiro,2009,-33.19,-56.58,Grassland,Natural,C,Topsoil,23.9,20.1,84.10041841
Pineiro,2009,-33.19,-56.58,Grassland,Natural,C,Topsoil,28.1,23.5,83.62989324
Pineiro,2009,-33.19,-56.58,Grassland,Natural,C,Topsoil,18,13.4,74.44444444
Pineiro,2009,-36.3,-58.3,Grassland,Natural,C,Topsoil,19.5,18.3,93.84615385
Pineiro,2009,-36.3,-58.3,Grassland,Natural,C,Topsoil,26.6,16.8,63.15789474
Pineiro,2009,-32,-57.08,Grassland,Natural,C,Topsoil,23.5,22.2,94.46808511
Pineiro,2009,-32,-57.08,Grassland,Natural,C,Topsoil,23,22.1,96.08695652
Pineiro,2009,-32,-57.08,Grassland,Natural,C,Topsoil,19.4,18.7,96.39175258
Pineiro,2009,-31.5,-58.17,Grassland,Natural,C,Topsoil,20,17.2,86
Pineiro,2009,-31.5,-58.17,Grassland,Natural,C,Topsoil,23.6,21.1,89.40677966
Pineiro,2009,-31.5,-58.17,Grassland,Natural,C,Topsoil,22.4,20.1,89.73214286
Pineiro,2009,-33.52,-55.33,Grassland,Natural,C,Topsoil,16.8,15.7,93.45238095
Pineiro,2009,-33.19,-56.58,Grassland,Natural,C,Topsoil,33.5,32,95.52238806
Pineiro,2009,-33.19,-56.58,Grassland,Natural,C,Topsoil,16,14.6,91.25
Pineiro,2009,-33.19,-56.58,Grassland,Natural,C,Topsoil,32.6,29.8,91.41104294
Pineiro,2009,-33.19,-56.58,Grassland,Natural,C,Topsoil,14.6,13.4,91.78082192
Pineiro,2009,-33.19,-56.58,Grassland,Natural,C,Topsoil,13.5,11.2,82.96296296
Pineiro,2009,-36.3,-58.3,Grassland,Natural,C,Topsoil,18.8,18,95.74468085
Pineiro,2009,-36.3,-58.3,Grassland,Natural,C,Topsoil,27.1,26.6,98.15498155
Pineiro,2009,-32,-57.08,Grassland,Natural,C,Subsoil,18.5,17.7,95.67567568
Pineiro,2009,-32,-57.08,Grassland,Natural,C,Subsoil,19.5,18.9,96.92307692
Pineiro,2009,-32,-57.08,Grassland,Natural,C,Subsoil,17.7,17.2,97.17514124
Pineiro,2009,-31.5,-58.17,Grassland,Natural,C,Subsoil,17.8,16.7,93.82022472
Pineiro,2009,-31.5,-58.17,Grassland,Natural,C,Subsoil,21.6,19.6,90.74074074
Pineiro,2009,-31.5,-58.17,Grassland,Natural,C,Subsoil,22.9,21.6,94.3231441
Pineiro,2009,-33.52,-55.33,Grassland,Natural,C,Subsoil,13.7,13.1,95.62043796
Pineiro,2009,-33.19,-56.58,Grassland,Natural,C,Subsoil,36.2,35,96.68508287
Pineiro,2009,-33.19,-56.58,Grassland,Natural,C,Subsoil,15,14.1,94
Pineiro,2009,-33.19,-56.58,Grassland,Natural,C,Subsoil,30.2,28.4,94.0397351
Pineiro,2009,-33.19,-56.58,Grassland,Natural,C,Subsoil,10.5,9.4,89.52380952
Pineiro,2009,-36.3,-58.3,Grassland,Natural,C,Subsoil,12,11.5,95.83333333
Pineiro,2009,-36.3,-58.3,Grassland,Natural,C,Subsoil,14.4,13.3,92.36111111
Pineiro,2009,-32,-57.08,Grassland,Natural,C,Topsoil,23.8,21.6,90.75630252
Pineiro,2009,-32,-57.08,Grassland,Natural,C,Topsoil,24.1,21.1,87.55186722
Pineiro,2009,-32,-57.08,Grassland,Natural,C,Topsoil,23.5,20.6,87.65957447
Pineiro,2009,-31.5,-58.17,Grassland,Natural,C,Topsoil,25.7,20,77.82101167
Pineiro,2009,-31.5,-58.17,Grassland,Natural,C,Topsoil,24.1,19.9,82.57261411
Pineiro,2009,-31.5,-58.17,Grassland,Natural,C,Topsoil,27.4,20.9,76.27737226
Pineiro,2009,-33.52,-55.33,Grassland,Natural,C,Topsoil,20.1,15.4,76.61691542
Pineiro,2009,-33.19,-56.58,Grassland,Natural,C,Topsoil,37.7,34.4,91.24668435
Pineiro,2009,-33.19,-56.58,Grassland,Natural,C,Topsoil,24.8,19.9,80.24193548
Pineiro,2009,-33.19,-56.58,Grassland,Natural,C,Topsoil,42.3,35.6,84.1607565
Pineiro,2009,-33.19,-56.58,Grassland,Natural,C,Topsoil,31.2,24.2,77.56410256
Pineiro,2009,-33.19,-56.58,Grassland,Natural,C,Topsoil,39.3,32.8,83.4605598
Pineiro,2009,-33.19,-56.58,Grassland,Natural,C,Topsoil,22.3,17,76.23318386
Pineiro,2009,-36.3,-58.3,Grassland,Natural,C,Topsoil,23.1,21.3,92.20779221
Pineiro,2009,-36.3,-58.3,Grassland,Natural,C,Topsoil,33.3,25,75.07507508
Pineiro,2009,-32,-57.08,Grassland,Natural,C,Topsoil,20.5,19.6,95.6097561
Pineiro,2009,-32,-57.08,Grassland,Natural,C,Topsoil,19.2,18.5,96.35416667
Pineiro,2009,-32,-57.08,Grassland,Natural,C,Topsoil,19.6,18.4,93.87755102
Pineiro,2009,-31.5,-58.17,Grassland,Natural,C,Topsoil,19,15.6,82.10526316
Pineiro,2009,-31.5,-58.17,Grassland,Natural,C,Topsoil,18.2,16.7,91.75824176
Pineiro,2009,-31.5,-58.17,Grassland,Natural,C,Topsoil,20.2,18.3,90.59405941
Pineiro,2009,-33.52,-55.33,Grassland,Natural,C,Topsoil,14.2,12.7,89.43661972
Pineiro,2009,-33.19,-56.58,Grassland,Natural,C,Topsoil,39.5,37.2,94.17721519
Pineiro,2009,-33.19,-56.58,Grassland,Natural,C,Topsoil,16.9,15.2,89.9408284
Pineiro,2009,-33.19,-56.58,Grassland,Natural,C,Topsoil,37.2,34,91.39784946
Pineiro,2009,-33.19,-56.58,Grassland,Natural,C,Topsoil,15.6,14.5,92.94871795
Pineiro,2009,-33.19,-56.58,Grassland,Natural,C,Topsoil,17.1,14.3,83.62573099
Pineiro,2009,-36.3,-58.3,Grassland,Natural,C,Topsoil,22.5,19.4,86.22222222
Pineiro,2009,-36.3,-58.3,Grassland,Natural,C,Topsoil,29.7,29.1,97.97979798
Pineiro,2009,-32,-57.08,Grassland,Natural,C,Subsoil,16.4,15.7,95.73170732
Pineiro,2009,-32,-57.08,Grassland,Natural,C,Subsoil,16.9,16.5,97.63313609
Pineiro,2009,-32,-57.08,Grassland,Natural,C,Subsoil,17.7,17.1,96.61016949
Pineiro,2009,-31.5,-58.17,Grassland,Natural,C,Subsoil,15.6,14.4,92.30769231
Pineiro,2009,-31.5,-58.17,Grassland,Natural,C,Subsoil,19.3,16.7,86.52849741
Pineiro,2009,-31.5,-58.17,Grassland,Natural,C,Subsoil,22.2,21,94.59459459
Pineiro,2009,-33.52,-55.33,Grassland,Natural,C,Subsoil,10.7,10,93.45794393
Pineiro,2009,-33.19,-56.58,Grassland,Natural,C,Subsoil,32.6,31.5,96.62576687
Pineiro,2009,-33.19,-56.58,Grassland,Natural,C,Subsoil,16,14.5,90.625
Pineiro,2009,-33.19,-56.58,Grassland,Natural,C,Subsoil,29.7,28.6,96.2962963
Pineiro,2009,-33.19,-56.58,Grassland,Natural,C,Subsoil,11.1,10,90.09009009
Pineiro,2009,-36.3,-58.3,Grassland,Natural,C,Subsoil,14.6,13.7,93.83561644
Pineiro,2009,-36.3,-58.3,Grassland,Natural,C,Subsoil,15.3,14.4,94.11764706
Schmidt,2002,50.9,8,Temperate Forest,Natural,C,Topsoil,19.4,12.1,62.37113402
Schmidt,2002,50.9,8,Temperate Forest,Natural,C,Subsoil,4.2,3.4,80.95238095
Schoning,2005,41.52,13.38,Temperate Forest,Natural,C,Topsoil,96,74.2,77.29166667
Schoning,2005,48.4,7.05,Temperate Forest,Natural,C,Topsoil,31,20.3,65.48387097
Schoning,2005,55.29,11.38,Temperate Forest,Natural,C,Topsoil,45,34.8,77.33333333
Schoning,2005,51.2,10.22,Temperate Forest,Natural,C,Subsoil,47,39.3,83.61702128
Schoning,2005,51.2,10.22,Temperate Forest,Natural,C,Topsoil,48,30.4,63.33333333
Schoning,2005,51.2,10.22,Temperate Forest,Natural,C,Topsoil,49,38,77.55102041
Schoning,2005,51.2,10.22,Temperate Forest,Natural,C,Topsoil,32,23.7,74.0625
Schoning,2005,51.2,10.22,Temperate Forest,Natural,C,Topsoil,34,26.3,77.35294118
Schoning,2006,48.4,7.05,Temperate Forest,Natural,C,Topsoil,31,21.4,69.03225806
Schoning,2006,48.4,7.05,Temperate Forest,Natural,C,Subsoil,14,12.7,90.71428571
Schoning,2006,48.4,7.05,Temperate Forest,Natural,C,Subsoil,7,5.9,84.28571429
Schoning,2006,51.2,10.22,Temperate Forest,Natural,C,Topsoil,49,42.2,86.12244898
Schoning,2006,51.2,10.22,Temperate Forest,Natural,C,Subsoil,8,6.9,86.25
Schoning,2006,51.2,10.22,Temperate Forest,Natural,C,Topsoil,32,31.2,97.5
Schoning,2006,51.2,10.22,Temperate Forest,Natural,C,Subsoil,7,6.6,94.28571429
Schoning,2006,51.2,10.22,Temperate Forest,Natural,C,Subsoil,12,11.2,93.33333333
Schoning,2006,51.2,10.22,Temperate Forest,Natural,C,Topsoil,34,28.8,84.70588235
Schoning,2006,51.2,10.22,Temperate Forest,Natural,C,Subsoil,8,7.7,96.25
Schoning,2006,50.56,13.29,Temperate Forest,Natural,C,Topsoil,69,52,75.36231884
Schoning,2006,50.56,13.29,Temperate Forest,Natural,C,Subsoil,20,18.4,92
Schulten,1993,45.2,-74.4,Cropland,Managed,D,Topsoil,27.5,21,76.36363636
Schulten,1993,45.2,-74.4,Cropland,Managed,D,Topsoil,27.5,22.5,81.81818182
Shang,1997,NA,NA,Temperate Forest,Natural,NA,NA,11,8.7,79.09090909
Shang,1997,NA,NA,Cropland,Managed,NA,NA,9.3,7.9,84.94623656
Shrestha,2006,NA,NA,Cropland,Managed,NA,NA,18.6,6.8,36.55913978
Shrestha,2006,NA,NA,Cropland,Managed,NA,NA,18.2,6.7,36.81318681
Shrestha,2006,NA,NA,Shrubland,Natural,NA,NA,18.1,3.6,19.88950276
Shrestha,2006,NA,NA,Temperate Forest,Natural,NA,NA,16.9,5.7,33.72781065
Shrestha,2006,NA,NA,Temperate Forest,Natural,NA,NA,12.9,3.1,24.03100775
Shrestha,2006,NA,NA,Temperate Forest,Natural,NA,NA,17.8,8.5,47.75280899
Shrestha,2006,NA,NA,Temperate Forest,Natural,NA,NA,15.3,4,26.14379085
Shrestha,2006,NA,NA,Cropland,Managed,NA,NA,17.9,6.8,37.98882682
Shrestha,2006,NA,NA,Cropland,Managed,NA,NA,15.8,6.5,41.13924051
Shrestha,2006,NA,NA,Shrubland,Natural,NA,NA,14.1,3.9,27.65957447
Shrestha,2006,NA,NA,Temperate Forest,Natural,NA,NA,16.4,4.6,28.04878049
Shrestha,2006,NA,NA,Temperate Forest,Natural,NA,NA,12.6,2.9,23.01587302
Shrestha,2006,NA,NA,Temperate Forest,Natural,NA,NA,16,8.2,51.25
Shrestha,2006,NA,NA,Temperate Forest,Natural,NA,NA,13.4,4.2,31.34328358
Sleutel,2006,51.1,3.3,Cropland,Managed,C,Topsoil,23,12,52.17391304
Sleutel,2006,51,3,Cropland,Managed,C,Topsoil,9.2,4.4,47.82608696
Sleutel,2006,51,3.1,Cropland,Managed,C,Topsoil,7.9,3.2,40.50632911
Sleutel,2006,51.1,3.3,Cropland,Managed,C,Topsoil,22.3,12.4,55.60538117
Sleutel,2006,51,2.7,Cropland,Managed,C,Topsoil,9.8,3.9,39.79591837
Sleutel,2006,51,3,Cropland,Managed,C,Topsoil,8.5,7.5,88.23529412
Sleutel,2006,51,3,Cropland,Managed,C,Topsoil,14.4,6.5,45.13888889
Sleutel,2006,50.8,3.3,Cropland,Managed,C,Topsoil,16.7,7.3,43.71257485
Sleutel,2006,51,2.7,Cropland,Managed,C,Topsoil,10.8,9.6,88.88888889
Sleutel,2006,47.32,19,Cropland,Managed,C,Topsoil,16.5,13.9,84.24242424
Sleutel,2006,47.32,19,Cropland,Managed,C,Topsoil,17.5,13.6,77.71428571
Sleutel,2006,47.32,19,Cropland,Managed,C,Topsoil,21.2,15.5,73.11320755
Sleutel,2006,47.32,19,Cropland,Managed,C,Topsoil,21.7,15.7,72.35023041
Sleutel,2006,46.46,17,Cropland,Managed,C,Topsoil,9.2,7.2,78.26086957
Sleutel,2006,46.46,17,Cropland,Managed,C,Topsoil,10.4,7.3,70.19230769
Sleutel,2006,46.46,17,Cropland,Managed,C,Topsoil,10,7.6,76
Sleutel,2006,46.46,17,Cropland,Managed,C,Topsoil,12.4,9.4,75.80645161
Solomon,2000,NA,NA,Temperate Forest,Natural,NA,NA,18.8,14.7,78.19148936
Solomon,2000,NA,NA,Temperate Forest,Natural,NA,NA,14.2,12.6,88.73239437
Solomon,2000,NA,NA,Cropland,Managed,NA,NA,8.6,7.1,82.55813953
Solomon,2000,NA,NA,Cropland,Managed,NA,NA,6.3,4.9,77.77777778
Solomon,2000,NA,NA,Cropland,Managed,NA,NA,15.2,12.8,84.21052632
Steffens,2009,43.38,116.42,Grassland,Natural,D,Topsoil,20.4,12.7,62.25490196
Steffens,2009,43.38,116.42,Grassland,Natural,D,Topsoil,21,13.5,64.28571429
Steffens,2009,43.38,116.42,Grassland,Natural,D,Topsoil,24.7,12.5,50.60728745
Steffens,2009,43.38,116.42,Grassland,Natural,D,Topsoil,19.3,10.2,52.84974093
Steffens,2009,43.38,116.42,Grassland,Natural,D,Topsoil,32.1,12.4,38.62928349
Steffens,2009,43.38,116.42,Grassland,Natural,D,Topsoil,27.9,12.2,43.72759857
Steffens,2009,43.38,116.42,Grassland,Natural,D,Topsoil,34,11.6,34.11764706
Steffens,2009,43.38,116.42,Grassland,Natural,D,Topsoil,29.8,6.9,23.15436242
Steffens,2009,43.38,116.42,Grassland,Natural,D,Topsoil,18.2,12.8,70.32967033
Steffens,2009,43.38,116.42,Grassland,Natural,D,Topsoil,19.5,13.1,67.17948718
Steffens,2009,43.38,116.42,Grassland,Natural,D,Topsoil,24,12.1,50.41666667
Steffens,2009,43.38,116.42,Grassland,Natural,D,Topsoil,19.4,11.2,57.73195876
Steffens,2009,43.38,116.42,Grassland,Natural,D,Topsoil,20.4,13.4,65.68627451
Steffens,2009,43.38,116.42,Grassland,Natural,D,Topsoil,21,14.2,67.61904762
Steffens,2009,43.38,116.42,Grassland,Natural,D,Topsoil,24.7,13.2,53.44129555
Steffens,2009,43.38,116.42,Grassland,Natural,D,Topsoil,19.3,10.9,56.47668394
Steffens,2009,43.38,116.42,Grassland,Natural,D,Topsoil,32.1,13.1,40.80996885
Steffens,2009,43.38,116.42,Grassland,Natural,D,Topsoil,27.9,12.8,45.8781362
Steffens,2009,43.38,116.42,Grassland,Natural,D,Topsoil,34,12.3,36.17647059
Steffens,2009,43.38,116.42,Grassland,Natural,D,Topsoil,29.8,8.1,27.18120805
Steffens,2009,43.38,116.42,Grassland,Natural,D,Topsoil,18.2,13.6,74.72527473
Steffens,2009,43.38,116.42,Grassland,Natural,D,Topsoil,19.5,14,71.79487179
Steffens,2009,43.38,116.42,Grassland,Natural,D,Topsoil,24,12.9,53.75
Steffens,2009,43.38,116.42,Grassland,Natural,D,Topsoil,19.4,12.7,65.46391753
Thuries,2000,42.6,3,Cropland,Managed,C,Topsoil,5.3,2.4,45.28301887
Thuries,2000,42.6,3,Cropland,Managed,C,Topsoil,5.9,2.7,45.76271186
Thuries,2000,42.6,3,Cropland,Managed,C,Topsoil,5.2,2.4,46.15384615
Thuries,2000,42.6,3,Cropland,Managed,C,Topsoil,5.8,2.3,39.65517241
Thuries,2000,42.6,3,Cropland,Managed,C,Topsoil,6.5,2.6,40
Thuries,2000,42.6,3,Cropland,Managed,C,Topsoil,5.2,2.5,48.07692308
Thuries,2000,42.6,3,Cropland,Managed,C,Topsoil,6.3,2.7,42.85714286
Thuries,2000,42.6,3,Cropland,Managed,C,Topsoil,6.2,2.8,45.16129032
Thuries,2000,42.6,3,Cropland,Managed,C,Topsoil,8.5,3.5,41.17647059
Thuries,2000,42.6,3,Cropland,Managed,C,Topsoil,8.1,3.1,38.27160494
Thuries,2000,42.6,3,Cropland,Managed,C,Topsoil,8,3.1,38.75
Thuries,2000,42.6,3,Cropland,Managed,C,Topsoil,8.4,3.1,36.9047619
Thuries,2000,42.6,3,Cropland,Managed,C,Topsoil,9.7,3.3,34.02061856
Thuries,2000,42.6,3,Cropland,Managed,C,Topsoil,9.4,3.4,36.17021277
Thuries,2000,42.6,3,Cropland,Managed,C,Topsoil,9.1,3.8,41.75824176
Thuries,2000,42.6,3,Cropland,Managed,C,Topsoil,8,3.4,42.5
Thuries,2000,42.6,3,Cropland,Managed,C,Topsoil,5.3,2.8,52.83018868
Thuries,2000,42.6,3,Cropland,Managed,C,Topsoil,5.9,3.4,57.62711864
Thuries,2000,42.6,3,Cropland,Managed,C,Topsoil,5.2,2.7,51.92307692
Thuries,2000,42.6,3,Cropland,Managed,C,Topsoil,5.8,2.6,44.82758621
Thuries,2000,42.6,3,Cropland,Managed,C,Topsoil,6.5,3.2,49.23076923
Thuries,2000,42.6,3,Cropland,Managed,C,Topsoil,5.2,3,57.69230769
Thuries,2000,42.6,3,Cropland,Managed,C,Topsoil,6.3,3.2,50.79365079
Thuries,2000,42.6,3,Cropland,Managed,C,Topsoil,6.2,3.3,53.22580645
Thuries,2000,42.6,3,Cropland,Managed,C,Topsoil,8.5,4.1,48.23529412
Thuries,2000,42.6,3,Cropland,Managed,C,Topsoil,8.1,3.7,45.67901235
Thuries,2000,42.6,3,Cropland,Managed,C,Topsoil,8,3.6,45
Thuries,2000,42.6,3,Cropland,Managed,C,Topsoil,8.4,3.7,44.04761905
Thuries,2000,42.6,3,Cropland,Managed,C,Topsoil,9.7,4,41.2371134
Thuries,2000,42.6,3,Cropland,Managed,C,Topsoil,9.4,4,42.55319149
Thuries,2000,42.6,3,Cropland,Managed,C,Topsoil,9.1,4.5,49.45054945
Thuries,2000,42.6,3,Cropland,Managed,C,Topsoil,8,4.1,51.25
Tiessen,1983,NA,NA,Grassland,Natural,NA,NA,46.1,38.001,82.43167028
Tiessen,1983,NA,NA,Cropland,Managed,NA,NA,48.7,44.1064,90.56755647
Tiessen,1983,NA,NA,Cropland,Managed,NA,NA,31.3,28.49234,91.02984026
Tiessen,1983,NA,NA,Cropland,Managed,NA,NA,21.6,19.67709,91.09763889
Tiessen,1983,NA,NA,Grassland,Natural,NA,NA,34.7,22.029,63.48414986
Tiessen,1983,NA,NA,Cropland,Managed,NA,NA,18.7,14.45943,77.32315508
Tiessen,1983,NA,NA,Grassland,Natural,NA,NA,32.7,26.516,81.08868502
Tiessen,1983,NA,NA,Cropland,Managed,NA,NA,24.7,23.16656,93.79174089
Turchenek,1979,-35,138.6,Grassland,Natural,C,Topsoil,26.5,19.7,74.33962264
Turchenek,1979,-35,138.6,Cropland,Managed,C,Topsoil,10.4,8.4,80.76923077
Turchenek,1979,-37.5,140.4,Cropland,Managed,C,Topsoil,53.5,45.2,84.48598131
Turchenek,1979,52.8,-104.6,Cropland,Managed,D,Topsoil,62.9,59.1,93.95866455
Turchenek,1979,-35,138.6,Grassland,Natural,C,Topsoil,26.5,20.7,78.11320755
Turchenek,1979,-35,138.6,Cropland,Managed,C,Topsoil,10.4,9.1,87.5
Turchenek,1979,-37.5,140.4,Cropland,Managed,C,Topsoil,53.5,46.2,86.35514019
Turchenek,1979,52.8,-104.6,Cropland,Managed,D,Topsoil,62.9,61.9,98.41017488
Young,1979,NA,NA,Grassland,Natural,NA,NA,135.8,106.1,78.12960236
Young,1979,NA,NA,Temperate Forest,Natural,NA,NA,52.8,37.6,71.21212121
Young,1979,NA,NA,Cropland,Managed,NA,NA,6.4,5,78.125
Young,1979,NA,NA,Grassland,Natural,NA,NA,14.6,13.5,92.46575342
Young,1979,NA,NA,Cropland,Managed,NA,NA,11.3,7.9,69.91150442
Zhang,1988,NA,NA,Grassland,Natural,NA,NA,46.8,32,68.37606838
Zhang,1988,NA,NA,Cropland,Managed,NA,NA,23,19.2,83.47826087
Zhang,1988,NA,NA,Grassland,Natural,NA,NA,32.6,28.2,86.50306748
Zhang,1988,NA,NA,Cropland,Managed,NA,NA,16,14.3,89.375
Zhang,1988,NA,NA,Grassland,Natural,NA,NA,46.8,36.7,78.41880342
Zhang,1988,NA,NA,Cropland,Managed,NA,NA,23,21,91.30434783
Zhang,1988,NA,NA,Grassland,Natural,NA,NA,32.6,32.3,99.0797546
Zhang,1988,NA,NA,Cropland,Managed,NA,NA,16,15.8,98.75
Zhao,2006,42.57,128.57,Cropland,Managed,D,Topsoil,14.2,13.2,92.95774648
Zhao,2006,42.57,128.57,Cropland,Managed,D,Topsoil,14.5,13.2,91.03448276
Zhao,2006,42.57,128.57,Cropland,Managed,D,Topsoil,16.3,15.2,93.25153374
Zhao,2006,42.57,128.57,Cropland,Managed,D,Topsoil,15.7,14.6,92.99363057
Zhao,2006,42.57,128.57,Cropland,Managed,D,Topsoil,16.7,15.4,92.21556886
Zhao,2006,42.57,128.57,Cropland,Managed,D,Topsoil,15.7,14.8,94.26751592
Zhao,2006,42.57,128.57,Cropland,Managed,D,Topsoil,14.3,13.2,92.30769231
Zhao,2006,42.57,128.57,Cropland,Managed,D,Topsoil,13.2,12.6,95.45454545
Zhao,2006,43.21,124.19,Cropland,Managed,D,Topsoil,10.2,8.8,86.2745098
Zhao,2006,43.21,124.19,Cropland,Managed,D,Topsoil,8.6,7.6,88.37209302
Zhao,2006,43.21,124.19,Cropland,Managed,D,Topsoil,10,8.6,86
Zhao,2006,43.21,124.19,Cropland,Managed,D,Topsoil,7.7,6.6,85.71428571
Zhao,2006,43.21,125.37,Cropland,Managed,D,Topsoil,14.3,11.6,81.11888112
Zhao,2006,43.21,125.37,Cropland,Managed,D,Topsoil,13.3,11.7,87.96992481
Zhao,2006,43.21,125.37,Cropland,Managed,D,Topsoil,13.3,12.6,94.73684211
Zhao,2006,42.03,126.1,Cropland,Managed,D,Topsoil,15.2,12,78.94736842
Zhao,2006,42.03,126.1,Cropland,Managed,D,Topsoil,17.3,14.2,82.08092486
Zhao,2006,42.03,126.1,Cropland,Managed,D,Topsoil,19.8,16.5,83.33333333
Zhao,2006,42.03,126.1,Cropland,Managed,D,Topsoil,18,15.1,83.88888889
Zhao,2006,42.03,126.1,Cropland,Managed,D,Topsoil,16.7,13.4,80.23952096
Zhao,2006,42.27,126.48,Cropland,Managed,D,Topsoil,42.4,27.3,64.38679245
Zhao,2006,42.27,126.48,Cropland,Managed,D,Topsoil,29.5,20.2,68.47457627
Zhao,2006,42.27,126.48,Cropland,Managed,D,Topsoil,43.3,30.3,69.97690531
Zhao,2006,42.27,126.48,Cropland,Managed,D,Topsoil,31.8,24,75.47169811
Zhao,2006,44.01,126.51,Cropland,Managed,D,Topsoil,36.1,19.1,52.90858726
Zhao,2006,44.01,126.51,Cropland,Managed,D,Topsoil,24.4,15.1,61.8852459
Zhao,2006,44.52,126.3,Cropland,Managed,D,Topsoil,27.9,17.1,61.29032258
Zhao,2006,44.52,126.3,Cropland,Managed,D,Topsoil,27.3,15.3,56.04395604
Zinn,2007,NA,NA,Temperate Forest,Natural,NA,Topsoil,15.2,6.5,42.76315789
Zinn,2007,NA,NA,Temperate Forest,Natural,NA,Subsoil,5.8,2.5,43.10344828
Zinn,2007,NA,NA,Temperate Forest,Natural,NA,Subsoil,3.2,1.7,53.125
Zinn,2007,NA,NA,Temperate Forest,Natural,NA,Topsoil,20.3,11.5,56.65024631
Zinn,2007,NA,NA,Temperate Forest,Natural,NA,Subsoil,7.3,4.5,61.64383562
Zinn,2007,NA,NA,Temperate Forest,Natural,NA,Subsoil,3.6,2.8,77.77777778
Zinn,2007,NA,NA,Temperate Forest,Natural,NA,Topsoil,24.6,12.8,52.03252033
Zinn,2007,NA,NA,Temperate Forest,Natural,NA,Subsoil,9.9,6.2,62.62626263
Zinn,2007,NA,NA,Temperate Forest,Natural,NA,Subsoil,4.8,3.9,81.25
Soong,2020,5.38,-53.76,Tropical Forest,Natural,A,Topsoil,13.91760111,7.908562446,56.82417813
Soong,2020,5.23,-54.1,Tropical Forest,Natural,A,Topsoil,12.17124319,8.921433485,73.29927883
Soong,2020,4.57,-52.01,Tropical Forest,Natural,A,Topsoil,94.43029784,46.92844131,49.69638176
Soong,2020,5.35,-53.49,Tropical Forest,Natural,A,Topsoil,13.63141565,0.327555342,2.402944425
Soong,2020,4.27,-52.26,Tropical Forest,Natural,A,Topsoil,48.19663556,25.05000251,51.97458747
Soong,2020,4.23,-52.43,Tropical Forest,Natural,A,Topsoil,22.33028972,15.09895021,67.61645458
Soong,2020,5.31,-52.97,Tropical Forest,Natural,A,Topsoil,21.32851422,9.470637845,44.40364551
Soong,2020,4.37,-52.2,Tropical Forest,Natural,A,Topsoil,17.74186818,10.84045536,61.10098021
Soong,2020,4.41,-52.23,Tropical Forest,Natural,A,Topsoil,49.17629043,28.36057849,57.67124408
Soong,2020,4.6,-52.1,Tropical Forest,Natural,A,Topsoil,65.60041841,33.99284736,51.81803438
Soong,2020,4.63,-52.26,Tropical Forest,Natural,A,Topsoil,24.42921813,16.66770011,68.22854511
Pellegrini,2021,36.613,-118.72,Temperate Forest,Natural,C,Topsoil,51.54302743,27.65683736,53.65776661
Pellegrini,2021,36.613,-118.72,Temperate Forest,Natural,C,Topsoil,40.82303284,23.33107534,57.15174428
Pellegrini,2021,36.613,-118.72,Temperate Forest,Natural,C,Topsoil,73.34591609,39.90641327,54.4085007
Pellegrini,2021,36.613,-118.72,Temperate Forest,Natural,C,Topsoil,55.30718374,22.98105765,41.55166851
Pellegrini,2021,36.613,-118.72,Temperate Forest,Natural,C,Topsoil,66.68865653,27.29707276,40.93210776
Pellegrini,2021,36.613,-118.72,Temperate Forest,Natural,C,Topsoil,43.07700079,18.92145288,43.92472208
Pellegrini,2021,36.613,-118.72,Temperate Forest,Natural,C,Topsoil,33.99540917,19.23091117,56.56914167
Pellegrini,2021,36.613,-118.72,Temperate Forest,Natural,C,Topsoil,54.63980124,30.45253061,55.73323826
Pellegrini,2021,36.613,-118.72,Temperate Forest,Natural,C,Topsoil,88.97439906,32.81472943,36.88109139
Pellegrini,2021,36.613,-118.72,Temperate Forest,Natural,C,Topsoil,49.83350432,16.19102534,32.49024038
Pellegrini,2021,36.613,-118.72,Temperate Forest,Natural,C,Topsoil,62.81941933,20.60612728,32.80216134
Lugato,2021,48.00218,15.37632,Temperate Forest,Natural,C,Topsoil,68.2,47.664,69.88856305
Lugato,2021,47.80693,14.92761,Grassland,Natural,D,Topsoil,22.5,18.057,80.25333333
Lugato,2021,46.78484,13.3626,Temperate Forest,Natural,D,Topsoil,24,12.402,51.675
Lugato,2021,46.9993,15.93201,Cropland,Managed,C,Topsoil,14,9.279,66.27857143
Lugato,2021,48.11377,12.88688,Temperate Forest,Natural,C,Topsoil,84.5,28.692,33.95502959
Lugato,2021,47.31598,13.08048,Grassland,Natural,D,Topsoil,36.6,22.122,60.44262295
Lugato,2021,47.43106,12.82209,Grassland,Natural,E,Topsoil,24.5,19.953,81.44081633
Lugato,2021,47.39576,12.79371,Grassland,Natural,E,Topsoil,51.5,26.264,50.99805825
Lugato,2021,50.96021,2.6844,Cropland,Managed,C,Topsoil,12.3,9.976,81.10569106
Lugato,2021,49.55605,14.90981,Cropland,Managed,C,Topsoil,14.2,11.033,77.6971831
Lugato,2021,50.32087,14.25701,Cropland,Managed,C,Topsoil,17.5,16.726,95.57714286
Lugato,2021,49.52491,14.79585,Cropland,Managed,C,Topsoil,14.3,13.316,93.11888112
Lugato,2021,49.22592,14.16132,Grassland,Natural,C,Topsoil,41.8,34.233,81.89712919
Lugato,2021,49.10496,14.01456,Grassland,Natural,C,Topsoil,24.4,18.173,74.4795082
Lugato,2021,50.48956,14.0746,Cropland,Managed,C,Topsoil,21.7,19.829,91.37788018
Lugato,2021,50.56432,13.99625,Grassland,Natural,C,Topsoil,32.9,31.401,95.443769
Lugato,2021,50.08537,16.56254,Grassland,Natural,D,Topsoil,22.6,15.123,66.9159292
Lugato,2021,50.46087,15.96429,Grassland,Natural,C,Topsoil,22.6,16.625,73.5619469
Lugato,2021,50.37587,15.50214,Cropland,Managed,C,Topsoil,12.2,9.256,75.86885246
Lugato,2021,50.81874,14.87126,Grassland,Natural,C,Topsoil,18.9,13.862,73.34391534
Lugato,2021,48.93387,17.64291,Grassland,Natural,C,Topsoil,24.5,20.944,85.48571429
Lugato,2021,49.84538,17.78768,Cropland,Managed,D,Topsoil,18.9,15.508,82.05291005
Lugato,2021,49.2295,9.40977,Cropland,Managed,C,Topsoil,11.6,8.604,74.17241379
Lugato,2021,48.14836,7.837,Grassland,Natural,C,Topsoil,12.5,7.247,57.976
Lugato,2021,49.10019,11.05419,Grassland,Natural,C,Topsoil,26.3,22.103,84.0418251
Lugato,2021,47.9889,10.38831,Grassland,Natural,C,Topsoil,35.7,24.274,67.99439776
Lugato,2021,47.84542,10.20029,Grassland,Natural,C,Topsoil,29.4,21.859,74.35034014
Lugato,2021,53.04146,14.19191,Cropland,Managed,C,Topsoil,10.3,8.797,85.40776699
Lugato,2021,53.20157,13.69784,Cropland,Managed,C,Topsoil,7.2,5.295,73.54166667
Lugato,2021,52.12389,13.63739,Grassland,Natural,C,Topsoil,7.4,6.302,85.16216216
Lugato,2021,52.06236,12.5523,Temperate Forest,Natural,C,Topsoil,33.5,12.168,36.32238806
Lugato,2021,49.81839,8.81896,Cropland,Managed,C,Topsoil,12.7,10.045,79.09448819
Lugato,2021,50.86574,9.3608,Temperate Forest,Natural,C,Topsoil,15.1,10.726,71.03311258
Lugato,2021,53.77414,13.1707,Temperate Forest,Natural,C,Topsoil,18.1,16.375,90.46961326
Lugato,2021,53.26738,12.56336,Temperate Forest,Natural,C,Topsoil,6.2,4.742,76.48387097
Lugato,2021,53.68931,12.1041,Cropland,Managed,C,Topsoil,6.3,4.434,70.38095238
Lugato,2021,52.41298,10.338,Cropland,Managed,C,Topsoil,5.2,3.632,69.84615385
Lugato,2021,52.03585,9.83974,Temperate Forest,Natural,C,Topsoil,39.4,23.942,60.76649746
Lugato,2021,52.46461,9.1915,Temperate Forest,Natural,C,Topsoil,25.7,21.323,82.9688716
Lugato,2021,52.96451,11.20552,Cropland,Managed,C,Topsoil,17.6,16.875,95.88068182
Lugato,2021,52.66483,10.2217,Temperate Forest,Natural,C,Topsoil,34.4,25.357,73.7122093
Lugato,2021,52.62906,10.04429,Temperate Forest,Natural,C,Topsoil,19.4,13.957,71.94329897
Lugato,2021,52.34843,7.37256,Cropland,Managed,C,Topsoil,15.6,12.916,82.79487179
Lugato,2021,51.74964,7.14665,Temperate Forest,Natural,C,Topsoil,74.9,21.697,28.96795728
Lugato,2021,51.74654,9.34846,Temperate Forest,Natural,C,Topsoil,31.4,18.876,60.11464968
Lugato,2021,51.7209,8.5094,Grassland,Natural,C,Topsoil,13.9,10.693,76.92805755
Lugato,2021,51.15464,7.92721,Grassland,Natural,C,Topsoil,27.3,22.266,81.56043956
Lugato,2021,49.12802,8.28756,Cropland,Managed,C,Topsoil,11.1,7.467,67.27027027
Lugato,2021,51.11356,14.24395,Temperate Forest,Natural,C,Topsoil,79.4,36.283,45.69647355
Lugato,2021,51.34646,13.14434,Cropland,Managed,C,Topsoil,14.1,9.655,68.4751773
Lugato,2021,51.22047,12.39081,Temperate Forest,Natural,C,Topsoil,14.2,9.895,69.68309859
Lugato,2021,51.59513,11.48651,Cropland,Managed,C,Topsoil,23.3,18.163,77.9527897
Lugato,2021,51.4161,11.42313,Cropland,Managed,C,Topsoil,14.8,10.104,68.27027027
Lugato,2021,51.84944,11.26264,Cropland,Managed,C,Topsoil,14,12.037,85.97857143
Lugato,2021,51.580727,11.16856,Temperate Forest,Natural,C,Topsoil,10.8,7.115,65.87962963
Lugato,2021,54.33268,10.96825,Grassland,Natural,C,Topsoil,35.1,27.592,78.60968661
Lugato,2021,55.39679,9.8581,Cropland,Managed,C,Topsoil,14.5,11.615,80.10344828
Lugato,2021,56.27687,9.5645,Cropland,Managed,C,Topsoil,54.7,38.528,70.43510055
Lugato,2021,56.42041,9.49828,Cropland,Managed,C,Topsoil,13.4,11.58,86.41791045
Lugato,2021,59.2915,27.23451,Grassland,Natural,D,Topsoil,20.2,15.746,77.95049505
Lugato,2021,59.3396,26.24411,Cropland,Managed,D,Topsoil,20.6,18.283,88.75242718
Lugato,2021,58.82254,25.14748,Grassland,Natural,D,Topsoil,16.4,10.894,66.42682927
Lugato,2021,58.94776,24.84629,Grassland,Natural,D,Topsoil,25.3,21.317,84.256917
Lugato,2021,59.36782,24.5254,Boreal Forest,Natural,D,Topsoil,79,32.81,41.53164557
Lugato,2021,42.04849,-7.12514,Shrubland,Natural,C,Topsoil,59.9,28.821,48.11519199
Lugato,2021,42.29946,-7.89619,Temperate Forest,Natural,C,Topsoil,39.6,20.983,52.98737374
Lugato,2021,42.12506,-7.94286,Cropland,Managed,C,Topsoil,18.6,14.174,76.20430108
Lugato,2021,43.26765,-6.55077,Grassland,Natural,C,Topsoil,52.3,35.79,68.43212237
Lugato,2021,43.32423,-3.17138,Temperate Forest,Natural,C,Topsoil,46.5,30.682,65.9827957
Lugato,2021,42.76154,-2.42584,Grassland,Natural,C,Topsoil,21.4,15.747,73.58411215
Lugato,2021,43.00564,-1.75774,Grassland,Natural,C,Topsoil,47.7,33.674,70.59538784
Lugato,2021,42.19838,-1.64748,Temperate Forest,Natural,C,Topsoil,12.4,6.164,49.70967742
Lugato,2021,42.53415,-1.73783,Shrubland,Natural,C,Topsoil,30.3,14.554,48.0330033
Lugato,2021,42.19279,-1.69531,Cropland,Managed,C,Topsoil,13.3,7.509,56.45864662
Lugato,2021,42.23349,-2.11962,Cropland,Managed,C,Topsoil,6.5,2.129,32.75384615
Lugato,2021,41.74793,-0.27608,Cropland,Managed,C,Topsoil,34.8,21.903,62.93965517
Lugato,2021,42.01364,-0.34557,Grassland,Natural,C,Topsoil,9.2,6.494,70.58695652
Lugato,2021,41.59794,-0.49236,Cropland,Managed,C,Topsoil,16.6,14.227,85.70481928
Lugato,2021,41.28349,-1.03998,Cropland,Managed,C,Topsoil,8.5,6.651,78.24705882
Lugato,2021,42.56294,-3.94056,Cropland,Managed,C,Topsoil,10.5,9.528,90.74285714
Lugato,2021,42.350208,-4.408936,Cropland,Managed,C,Topsoil,13.6,6.964,51.20588235
Lugato,2021,41.646722,-4.460467,Cropland,Managed,C,Topsoil,14.9,10.319,69.25503356
Lugato,2021,42.294433,-4.790491,Cropland,Managed,C,Topsoil,4.8,3.338,69.54166667
Lugato,2021,42.675287,-5.18493,Temperate Forest,Natural,C,Topsoil,15.6,8.587,55.04487179
Lugato,2021,40.38758,-4.79022,Shrubland,Natural,C,Topsoil,11.1,7.261,65.41441441
Lugato,2021,41.94337,-5.29365,Cropland,Managed,C,Topsoil,9.2,5.525,60.05434783
Lugato,2021,42.03664,-5.98356,Cropland,Managed,C,Topsoil,6.7,6.199,92.52238806
Lugato,2021,39.54837,-1.98269,Cropland,Managed,C,Topsoil,9.6,6.735,70.15625
Lugato,2021,40.29886,-2.55189,Cropland,Managed,C,Topsoil,13.9,12.995,93.48920863
Lugato,2021,41.00472,-2.88685,Shrubland,Natural,C,Topsoil,36.1,15.768,43.67867036
Lugato,2021,39.77579,-2.63782,Cropland,Managed,C,Topsoil,19.4,9.36,48.24742268
Lugato,2021,40.68377,-2.9641,Cropland,Managed,C,Topsoil,11.2,9.985,89.15178571
Lugato,2021,40.80122,-3.18052,Cropland,Managed,C,Topsoil,4.8,3.413,71.10416667
Lugato,2021,39.90529,-4.58263,Grassland,Natural,C,Topsoil,9.1,8.655,95.10989011
Lugato,2021,39.63006,-6.94127,Grassland,Natural,C,Topsoil,19,10.02,52.73684211
Lugato,2021,39.6421,-0.38163,Cropland,Managed,B,Topsoil,19.8,13.875,70.07575758
Lugato,2021,37.89355,-3.15307,Cropland,Managed,C,Topsoil,9.9,7.758,78.36363636
Lugato,2021,37.14947,-3.73749,Cropland,Managed,C,Topsoil,19.3,9.535,49.40414508
Lugato,2021,36.90142,-4.52744,Cropland,Managed,C,Topsoil,16.2,12.409,76.59876543
Lugato,2021,37.65293,-5.23936,Cropland,Managed,C,Topsoil,10.9,8.727,80.06422018
Lugato,2021,37.44606,-5.49121,Cropland,Managed,C,Topsoil,9.8,8.637,88.13265306
Lugato,2021,37.5819,-5.89044,Cropland,Managed,C,Topsoil,12.6,10.588,84.03174603
Lugato,2021,37.15503,-6.01948,Cropland,Managed,C,Topsoil,15.6,12.795,82.01923077
Lugato,2021,62.72349,30.56561,Shrubland,Natural,D,Topsoil,27.1,9.718,35.8597786
Lugato,2021,62.1106,29.70322,Boreal Forest,Natural,D,Topsoil,30.8,15.521,50.39285714
Lugato,2021,63.35118,30.09801,Boreal Forest,Natural,D,Topsoil,15.8,7.338,46.44303797
Lugato,2021,62.77737,29.33438,Boreal Forest,Natural,D,Topsoil,30.2,16.882,55.90066225
Lugato,2021,64.61197,29.9423,Boreal Forest,Natural,D,Topsoil,39.4,19.731,50.0786802
Lugato,2021,62.59477,28.12273,Boreal Forest,Natural,D,Topsoil,53.5,17.029,31.82990654
Lugato,2021,64.49519,27.30969,Boreal Forest,Natural,D,Topsoil,26.1,5.591,21.42145594
Lugato,2021,63.79885,26.88131,Cropland,Managed,D,Topsoil,44.6,19.849,44.5044843
Lugato,2021,64.3387,26.87026,Boreal Forest,Natural,D,Topsoil,3.1,2.044,65.93548387
Lugato,2021,61.34378,29.29207,Boreal Forest,Natural,D,Topsoil,19.9,12.054,60.57286432
Lugato,2021,60.62921,25.95274,Cropland,Managed,D,Topsoil,29.1,22.231,76.395189
Lugato,2021,60.27251,24.29568,Cropland,Managed,D,Topsoil,19.3,17.132,88.76683938
Lugato,2021,61.1086,24.55586,Cropland,Managed,D,Topsoil,23.2,18.656,80.4137931
Lugato,2021,61.02187,24.32807,Boreal Forest,Natural,D,Topsoil,110.8,37.816,34.1299639
Lugato,2021,60.29353,23.53,Cropland,Managed,D,Topsoil,32.1,25.409,79.15576324
Lugato,2021,60.47084,21.97681,Boreal Forest,Natural,D,Topsoil,36.5,24.79,67.91780822
Lugato,2021,60.63616,21.51993,Cropland,Managed,D,Topsoil,12.7,10.345,81.45669291
Lugato,2021,63.05977,24.54746,Cropland,Managed,D,Topsoil,37.4,27.265,72.90106952
Lugato,2021,61.65969,23.81208,Grassland,Natural,D,Topsoil,30.2,25.226,83.52980132
Lugato,2021,62.38514,23.90614,Boreal Forest,Natural,D,Topsoil,72.2,7.925,10.97645429
Lugato,2021,61.7756,23.55485,Grassland,Natural,D,Topsoil,24.7,15.72,63.6437247
Lugato,2021,62.52953,23.73545,Boreal Forest,Natural,D,Topsoil,43,12.531,29.14186047
Lugato,2021,62.09929,23.42509,Boreal Forest,Natural,D,Topsoil,21.5,9.46,44
Lugato,2021,61.13882,22.90613,Cropland,Managed,D,Topsoil,25,19.402,77.608
Lugato,2021,63.70593,23.30988,Cropland,Managed,D,Topsoil,22.1,16.551,74.89140271
Lugato,2021,62.77641,22.3764,Boreal Forest,Natural,D,Topsoil,33.9,24.453,72.13274336
Lugato,2021,62.57029,22.21278,Boreal Forest,Natural,D,Topsoil,9.7,6.222,64.1443299
Lugato,2021,63.61128,23.55298,Boreal Forest,Natural,D,Topsoil,45.9,13.924,30.33551198
Lugato,2021,48.68017,4.85031,Cropland,Managed,C,Topsoil,9,6.964,77.37777778
Lugato,2021,48.28292,4.83694,Grassland,Natural,C,Topsoil,44.6,34.033,76.30717489
Lugato,2021,49.78154,4.148113,Grassland,Natural,C,Topsoil,24.5,17.537,71.57959184
Lugato,2021,49.655714,3.189963,Cropland,Managed,C,Topsoil,10.1,0.92,9.108910891
Lugato,2021,49.510133,2.599668,Cropland,Managed,C,Topsoil,13.2,11.12,84.24242424
Lugato,2021,50.055114,2.374799,Cropland,Managed,C,Topsoil,10.2,8.602,84.33333333
Lugato,2021,49.841979,0.95229,Cropland,Managed,C,Topsoil,8.2,6.771,82.57317073
Lugato,2021,49.733494,0.298734,Cropland,Managed,C,Topsoil,17.6,12.997,73.84659091
Lugato,2021,48.297393,1.559014,Cropland,Managed,C,Topsoil,9.9,8.679,87.66666667
Lugato,2021,49.288858,-0.610234,Cropland,Managed,C,Topsoil,12.6,10.948,86.88888889
Lugato,2021,48.551406,-1.275005,Cropland,Managed,C,Topsoil,16.1,11.783,73.1863354
Lugato,2021,46.783509,3.172694,Grassland,Natural,C,Topsoil,48.2,30.988,64.29045643
Lugato,2021,50.33093,2.725768,Cropland,Managed,C,Topsoil,9.8,8.624,88
Lugato,2021,49.086575,7.138689,Grassland,Natural,C,Topsoil,49.7,39.995,80.47283702
Lugato,2021,49.206363,6.307497,Grassland,Natural,C,Topsoil,27,22.587,83.65555556
Lugato,2021,49.287701,6.053741,Temperate Forest,Natural,C,Topsoil,25.6,15.961,62.34765625
Lugato,2021,48.020614,5.884201,Grassland,Natural,C,Topsoil,34.5,23.391,67.8
Lugato,2021,47.156121,5.899845,Grassland,Natural,C,Topsoil,30.5,25.072,82.20327869
Lugato,2021,46.546383,5.529393,Grassland,Natural,C,Topsoil,36.9,28.717,77.82384824
Lugato,2021,46.435255,5.460552,Grassland,Natural,C,Topsoil,53.3,44.851,84.14821764
Lugato,2021,47.966618,-0.006396,Grassland,Natural,C,Topsoil,49.5,31.173,62.97575758
Lugato,2021,48.038229,-0.779806,Temperate Forest,Natural,C,Topsoil,70.2,30.686,43.71225071
Lugato,2021,48.086311,-0.844381,Temperate Forest,Natural,C,Topsoil,34,20.981,61.70882353
Lugato,2021,47.902416,-1.048583,Grassland,Natural,C,Topsoil,19.3,12.714,65.87564767
Lugato,2021,47.544359,-0.998083,Cropland,Managed,C,Topsoil,24.3,16.865,69.40329218
Lugato,2021,47.003611,-1.815583,Grassland,Natural,C,Topsoil,32.6,24.902,76.38650307
Lugato,2021,47.748815,-2.774665,Cropland,Managed,C,Topsoil,37.1,29.478,79.45552561
Lugato,2021,47.970448,-2.912388,Cropland,Managed,C,Topsoil,31.6,22.998,72.77848101
Lugato,2021,47.522143,-2.852118,Grassland,Natural,C,Topsoil,48.4,24.751,51.13842975
Lugato,2021,48.134769,-3.364543,Cropland,Managed,C,Topsoil,36.8,26.814,72.86413043
Lugato,2021,46.754018,0.622231,Temperate Forest,Natural,C,Topsoil,31.6,23.818,75.37341772
Lugato,2021,46.084318,0.035719,Temperate Forest,Natural,C,Topsoil,31.5,21.419,67.9968254
Lugato,2021,46.703858,-0.318959,Cropland,Managed,C,Topsoil,13.3,10.708,80.5112782
Lugato,2021,46.258495,-0.232491,Cropland,Managed,C,Topsoil,26.3,24.526,93.25475285
Lugato,2021,46.24193,-1.120508,Cropland,Managed,C,Topsoil,18.8,17.583,93.52659574
Lugato,2021,45.005375,1.150909,Cropland,Managed,C,Topsoil,9.2,6.618,71.93478261
Lugato,2021,44.21089,0.23251,Temperate Forest,Natural,C,Topsoil,15.1,12.047,79.78145695
Lugato,2021,44.41548,2.9084,Grassland,Natural,C,Topsoil,54.6,45.398,83.14652015
Lugato,2021,44.48244,2.57205,Cropland,Managed,C,Topsoil,53.5,38.74,72.41121495
Lugato,2021,43.882224,2.050493,Temperate Forest,Natural,C,Topsoil,21,12.027,57.27142857
Lugato,2021,43.641453,1.984131,Cropland,Managed,C,Topsoil,14.7,11.827,80.45578231
Lugato,2021,44.414165,1.673164,Temperate Forest,Natural,C,Topsoil,30.1,25.823,85.79069767
Lugato,2021,44.361334,1.252143,Cropland,Managed,C,Topsoil,17.7,15.408,87.05084746
Lugato,2021,44.23906,1.09474,Temperate Forest,Natural,C,Topsoil,10,7.243,72.43
Lugato,2021,43.355387,0.163303,Cropland,Managed,C,Topsoil,9.5,7.048,74.18947368
Lugato,2021,45.81672,4.584692,Grassland,Natural,C,Topsoil,19.8,15.102,76.27272727
Lugato,2021,45.80917,3.78625,Temperate Forest,Natural,C,Topsoil,28.2,18.834,66.78723404
Lugato,2021,46.174076,3.250436,Grassland,Natural,C,Topsoil,26.2,18.066,68.95419847
Lugato,2021,44.407723,3.33738,Cropland,Managed,C,Topsoil,22.8,15.779,69.20614035
Lugato,2021,43.85097,3.40204,Grassland,Natural,C,Topsoil,36.9,25.095,68.00813008
Lugato,2021,43.864681,4.919768,Grassland,Natural,C,Topsoil,28.2,14.336,50.83687943
Lugato,2021,40.57265,21.20009,Temperate Forest,Natural,C,Topsoil,13.4,6.34,47.31343284
Lugato,2021,39.48892,23.00444,Temperate Forest,Natural,C,Topsoil,6.2,4.473,72.14516129
Lugato,2021,39.48259,21.92366,Cropland,Managed,C,Topsoil,13.1,11.755,89.73282443
Lugato,2021,39.6634,21.79278,Shrubland,Natural,C,Topsoil,11.5,8.229,71.55652174
Lugato,2021,37.8512,21.35958,Cropland,Managed,C,Topsoil,19.9,10.4,52.26130653
Lugato,2021,38.45881,23.82054,Shrubland,Natural,C,Topsoil,18.5,5.082,27.47027027
Lugato,2021,38.19591,23.35067,Shrubland,Natural,C,Topsoil,29,23.512,81.07586207
Lugato,2021,38.00375,23.15154,Temperate Forest,Natural,C,Topsoil,42.2,9.809,23.24407583
Lugato,2021,47.300645,19.129823,Cropland,Managed,C,Topsoil,29.4,24.914,84.7414966
Lugato,2021,47.09458,18.77529,Cropland,Managed,C,Topsoil,18.3,13.947,76.21311475
Lugato,2021,46.76032,18.87772,Cropland,Managed,C,Topsoil,15.3,14.724,96.23529412
Lugato,2021,46.008592,17.843949,Cropland,Managed,C,Topsoil,10.7,7.749,72.42056075
Lugato,2021,47.84428,19.55068,Grassland,Natural,C,Topsoil,12.4,9.474,76.40322581
Lugato,2021,47.67469,22.15997,Temperate Forest,Natural,C,Topsoil,5.6,2.94,52.5
Lugato,2021,48.2477,22.080333,Cropland,Managed,C,Topsoil,7.8,5.056,64.82051282
Lugato,2021,48.259383,21.9738,Grassland,Natural,C,Topsoil,39.8,34.033,85.51005025
Lugato,2021,47.85395,21.687883,Cropland,Managed,C,Topsoil,7.2,5.813,80.73611111
Lugato,2021,47.670321,21.187034,Grassland,Natural,C,Topsoil,28.2,23.023,81.64184397
Lugato,2021,47.17369,20.89246,Cropland,Managed,C,Topsoil,21.5,21.227,98.73023256
Lugato,2021,46.33847,20.53704,Cropland,Managed,C,Topsoil,27.4,21.548,78.64233577
Lugato,2021,46.798765,19.28012,Grassland,Natural,C,Topsoil,13.8,12.062,87.4057971
Lugato,2021,53.699167,-8.473889,Grassland,Natural,C,Topsoil,54.5,19.446,35.68073394
Lugato,2021,53.671111,-9.1225,Grassland,Natural,C,Topsoil,73.7,20.056,27.21302578
Lugato,2021,53.409167,-9.252222,Grassland,Natural,C,Topsoil,68,36.326,53.42058824
Lugato,2021,45.63137,8.09159,Temperate Forest,Natural,C,Topsoil,21.3,20.474,96.12206573
Lugato,2021,45.39544,10.44627,Grassland,Natural,C,Topsoil,19.8,17.506,88.41414141
Lugato,2021,45.26702,9.19855,Grassland,Natural,C,Topsoil,25.5,17.073,66.95294118
Lugato,2021,46.11059,11.17576,Cropland,Managed,D,Topsoil,12.4,9.717,78.36290323
Lugato,2021,45.51892,12.13463,Cropland,Managed,C,Topsoil,8.506026,7.963,93.61598471
Lugato,2021,45.16899,11.51285,Cropland,Managed,C,Topsoil,25.089515,7.12,28.37838834
Lugato,2021,44.7484,11.87831,Cropland,Managed,C,Topsoil,21.3,12.345,57.95774648
Lugato,2021,44.71956,11.42367,Cropland,Managed,C,Topsoil,7.7,7.417,96.32467532
Lugato,2021,43.03315,11.92108,Cropland,Managed,C,Topsoil,6.4,3.94,61.5625
Lugato,2021,42.4817,11.49152,Cropland,Managed,C,Topsoil,11.6,8.945,77.11206897
Lugato,2021,43.86057,10.78177,Cropland,Managed,C,Topsoil,28.8,10.898,37.84027778
Lugato,2021,43.11851,12.16907,Cropland,Managed,C,Topsoil,17.9,12.991,72.57541899
Lugato,2021,43.6557,13.05522,Cropland,Managed,C,Topsoil,10.2,7.75,75.98039216
Lugato,2021,42.1154,13.72476,Grassland,Natural,C,Topsoil,12.3,7.755,63.04878049
Lugato,2021,42.09042,13.40981,Grassland,Natural,C,Topsoil,20.8,18.355,88.24519231
Lugato,2021,41.2738,15.15096,Cropland,Managed,C,Topsoil,14.9,13.998,93.94630872
Lugato,2021,40.75459,17.09592,Grassland,Natural,C,Topsoil,33.1,26.987,81.53172205
Lugato,2021,41.66964,15.85584,Grassland,Natural,C,Topsoil,82.8,36.592,44.19323671
Lugato,2021,41.84705,15.27116,Grassland,Natural,C,Topsoil,10.9,9.334,85.63302752
Lugato,2021,40.13992,16.55566,Cropland,Managed,C,Topsoil,8.4,5.85,69.64285714
Lugato,2021,40.60159,16.13406,Cropland,Managed,C,Topsoil,9.8,6.978,71.20408163
Lugato,2021,39.07516,16.95959,Grassland,Natural,C,Topsoil,10.1,8.325,82.42574257
Lugato,2021,38.28823,16.23987,Shrubland,Natural,C,Topsoil,21,15.874,75.59047619
Lugato,2021,38.22477,16.09719,Grassland,Natural,C,Topsoil,15.1,13.454,89.09933775
Lugato,2021,38.29471,15.85304,Cropland,Managed,C,Topsoil,46.1,35.495,76.99566161
Lugato,2021,37.01172,15.07438,Grassland,Natural,C,Topsoil,61.6,44.619,72.43344156
Lugato,2021,37.13047,14.12098,Cropland,Managed,C,Topsoil,5.9,4.558,77.25423729
Lugato,2021,40.53143,8.79012,Grassland,Natural,C,Topsoil,25.2,19.747,78.36111111
Lugato,2021,40.58251,8.55398,Grassland,Natural,C,Topsoil,31.8,20.654,64.94968553
Lugato,2021,55.75078,25.20371,Boreal Forest,Natural,D,Topsoil,12.6,3.206,25.44444444
Lugato,2021,55.56672,24.90438,Boreal Forest,Natural,D,Topsoil,42.9,5.966,13.90675991
Lugato,2021,54.24773,24.29491,Grassland,Natural,D,Topsoil,7.1,5.694,80.1971831
Lugato,2021,55.10854,24.28266,Cropland,Managed,D,Topsoil,12.4,9.854,79.46774194
Lugato,2021,54.73693,23.35795,Grassland,Natural,D,Topsoil,16.7,7.827,46.86826347
Lugato,2021,54.98444,22.7401,Cropland,Managed,D,Topsoil,19.7,13.08,66.39593909
Lugato,2021,55.28887,22.61351,Cropland,Managed,D,Topsoil,14,12.052,86.08571429
Lugato,2021,49.88217,6.06071,Temperate Forest,Natural,C,Topsoil,34.3,18.356,53.51603499
Lugato,2021,55.73814,26.6071,Grassland,Natural,D,Topsoil,20.6,14.786,71.77669903
Lugato,2021,57.21014,25.42926,Grassland,Natural,D,Topsoil,18.1,11.778,65.0718232
Lugato,2021,56.93421,22.56247,Grassland,Natural,D,Topsoil,37.7,13.611,36.10344828
Lugato,2021,56.83319,21.69649,Grassland,Natural,D,Topsoil,14.6,10.912,74.73972603
Lugato,2021,53.07779,7.02981,Cropland,Managed,C,Topsoil,36.6,24.705,67.5
Lugato,2021,52.75238,6.96301,Grassland,Natural,C,Topsoil,50.8,20.565,40.48228346
Lugato,2021,52.15889,6.3305,Grassland,Natural,C,Topsoil,14.9,9.769,65.56375839
Lugato,2021,52.20788,5.65239,Temperate Forest,Natural,C,Topsoil,44,27.07,61.52272727
Lugato,2021,52.34703,5.52109,Grassland,Natural,C,Topsoil,17.7,12.36,69.83050847
Lugato,2021,51.55844,4.35558,Grassland,Natural,C,Topsoil,23,13.117,57.03043478
Lugato,2021,51.06483,5.90352,Cropland,Managed,C,Topsoil,26.8,21.127,78.83208955
Lugato,2021,51.34523,20.12705,Cropland,Managed,C,Topsoil,27.8,25.865,93.03956835
Lugato,2021,52.00752,20.01214,Grassland,Natural,C,Topsoil,34.7,16.827,48.49279539
Lugato,2021,51.28359,18.40618,Cropland,Managed,C,Topsoil,15.6,10.194,65.34615385
Lugato,2021,52.36878,22.32718,Cropland,Managed,D,Topsoil,17.9,14.278,79.76536313
Lugato,2021,51.0882,21.51572,Cropland,Managed,C,Topsoil,9.8,6.413,65.43877551
Lugato,2021,53.37616,21.33673,Grassland,Natural,D,Topsoil,54.3,18.879,34.7679558
Lugato,2021,52.73626,20.38913,Grassland,Natural,C,Topsoil,19.2,14.235,74.140625
Lugato,2021,49.907682,19.987846,Cropland,Managed,D,Topsoil,10.6,7.204,67.96226415
Lugato,2021,50.87591,23.31162,Cropland,Managed,D,Topsoil,9.7,7.163,73.84536082
Lugato,2021,50.98825,23.28627,Cropland,Managed,D,Topsoil,13.8,11.473,83.13768116
Lugato,2021,51.17607,23.07881,Grassland,Natural,D,Topsoil,12,9.538,79.48333333
Lugato,2021,51.76117,22.39462,Cropland,Managed,D,Topsoil,10.4,5.105,49.08653846
Lugato,2021,50.6395,21.46146,Cropland,Managed,D,Topsoil,9.2,5.74,62.39130435
Lugato,2021,50.89514,19.88436,Grassland,Natural,C,Topsoil,6.3,4.919,78.07936508
Lugato,2021,53.66236,22.48957,Grassland,Natural,D,Topsoil,39.6,26.155,66.0479798
Lugato,2021,52.23797,17.93727,Cropland,Managed,C,Topsoil,14.4,9.997,69.42361111
Lugato,2021,53.70077,15.28897,Cropland,Managed,C,Topsoil,12.9,10.736,83.2248062
Lugato,2021,51.39111,17.64633,Temperate Forest,Natural,C,Topsoil,9.9,6.735,68.03030303
Lugato,2021,51.13427,17.42962,Cropland,Managed,C,Topsoil,5.8,4.291,73.98275862
Lugato,2021,50.86951,18.13051,Cropland,Managed,C,Topsoil,12.3,9.962,80.99186992
Lugato,2021,53.24837,19.90732,Temperate Forest,Natural,C,Topsoil,11.4,6.109,53.5877193
Lugato,2021,40.97901,-7.75049,Temperate Forest,Natural,C,Topsoil,11.5,6.781,58.96521739
Lugato,2021,41.5489,-8.65905,Temperate Forest,Natural,C,Topsoil,87.5,37.42,42.76571429
Lugato,2021,37.34975,-8.83372,Shrubland,Natural,C,Topsoil,19.7,10.658,54.10152284
Lugato,2021,40.4054,-6.93398,Shrubland,Natural,C,Topsoil,4.9,4.588,93.63265306
Lugato,2021,40.52184,-7.11076,Shrubland,Natural,C,Topsoil,10,6.507,65.07
Lugato,2021,39.89685,-7.20421,Grassland,Natural,C,Topsoil,7.6,4.816,63.36842105
Lugato,2021,40.09663,-7.42719,Cropland,Managed,C,Topsoil,22.5,13.165,58.51111111
Lugato,2021,38.61279,-8.25151,Temperate Forest,Natural,C,Topsoil,34.8,16.967,48.75574713
Lugato,2021,38.48587,-8.33376,Grassland,Natural,C,Topsoil,15.2,8.733,57.45394737
Lugato,2021,37.75281,-8.20168,Temperate Forest,Natural,C,Topsoil,21.8,10.98,50.36697248
Lugato,2021,59.07813,17.7973,Boreal Forest,Natural,D,Topsoil,53.7,22.5,41.89944134
Lugato,2021,58.82111,16.489092,Boreal Forest,Natural,D,Topsoil,75.1,33.251,44.27563249
Lugato,2021,57.761952,14.617432,Boreal Forest,Natural,D,Topsoil,49,21.307,43.48367347
Lugato,2021,57.18937,13.28891,Boreal Forest,Natural,C,Topsoil,24.8,14.893,60.05241935
Lugato,2021,55.911168,13.309532,Cropland,Managed,C,Topsoil,20.7,13.075,63.16425121
Lugato,2021,56.258005,13.112802,Grassland,Natural,C,Topsoil,55.4,24.223,43.72382671
Lugato,2021,58.144425,13.918515,Boreal Forest,Natural,D,Topsoil,25.5,14.559,57.09411765
Lugato,2021,58.193365,13.447745,Cropland,Managed,D,Topsoil,24.1,16.916,70.19087137
Lugato,2021,57.06918,13.047692,Boreal Forest,Natural,C,Topsoil,54.1,29.528,54.58040665
Lugato,2021,59.121815,13.015313,Cropland,Managed,D,Topsoil,16.3,13.793,84.6196319
Lugato,2021,59.952482,12.910422,Boreal Forest,Natural,D,Topsoil,8.6,2.694,31.3255814
Lugato,2021,60.1006,12.707919,Boreal Forest,Natural,D,Topsoil,10.2,7.977,78.20588235
Lugato,2021,63.698215,17.0321,Shrubland,Natural,D,Topsoil,9,4.183,46.47777778
Lugato,2021,63.228097,16.164097,Boreal Forest,Natural,D,Topsoil,26.2,11.183,42.68320611
Lugato,2021,65.65772,21.035805,Boreal Forest,Natural,D,Topsoil,20.8,12.599,60.57211538
Lugato,2021,64.62624,20.32776,Boreal Forest,Natural,D,Topsoil,42.8,15.323,35.80140187
Lugato,2021,66.508187,20.906652,Boreal Forest,Natural,D,Topsoil,52,14.794,28.45
Lugato,2021,66.498875,20.767027,Boreal Forest,Natural,D,Topsoil,55,19.102,34.73090909
Lugato,2021,64.682825,20.01168,Boreal Forest,Natural,D,Topsoil,56.6,17.535,30.98056537
Lugato,2021,64.43316,19.922047,Grassland,Natural,D,Topsoil,57.8,30.306,52.43252595
Lugato,2021,64.84428,19.13877,Boreal Forest,Natural,D,Topsoil,18.1,5.987,33.07734807
Lugato,2021,65.368318,18.54114,Boreal Forest,Natural,D,Topsoil,18,8.718,48.43333333
Lugato,2021,64.069295,17.246375,Boreal Forest,Natural,D,Topsoil,23.2,8.673,37.38362069
Lugato,2021,64.54833,16.661875,Boreal Forest,Natural,D,Topsoil,22.3,10.761,48.25560538
Lugato,2021,46.45208,16.0274,Cropland,Managed,C,Topsoil,9.2,7.142,77.63043478
Lugato,2021,46.16056,15.03466,Temperate Forest,Natural,C,Topsoil,67.9,41.416,60.99558174
Lugato,2021,48.29367,18.00624,Cropland,Managed,C,Topsoil,13.2,11.806,89.43939394
Lugato,2021,48.13861,17.90048,Cropland,Managed,C,Topsoil,21.3,19.737,92.66197183
Lugato,2021,48.74814,17.17674,Cropland,Managed,C,Topsoil,14.8,14.288,96.54054054
Lugato,2021,54.845278,-2.315278,Grassland,Natural,C,Topsoil,43.2,25.237,58.41898148
Lugato,2021,54.496944,-2.708333,Grassland,Natural,C,Topsoil,77.9,38.662,49.63029525
Lugato,2021,53.829722,-2.632222,Grassland,Natural,C,Topsoil,41.2,24.512,59.49514563
Lugato,2021,53.544722,-2.915,Grassland,Natural,C,Topsoil,26.3,16.122,61.30038023
Lugato,2021,53.683611,-1.151389,Cropland,Managed,C,Topsoil,31.6,22.313,70.61075949
Lugato,2021,54.096944,-1.968056,Grassland,Natural,C,Topsoil,61.5,33.858,55.05365854
Lugato,2021,53.459167,-1.4175,Grassland,Natural,C,Topsoil,85.1,41.688,48.98707403
Lugato,2021,53.2899,-0.28101,Cropland,Managed,C,Topsoil,20.3,16.8,82.75862069
Lugato,2021,52.798889,-0.682778,Grassland,Natural,C,Topsoil,27.3,19.206,70.35164835
Lugato,2021,52.570278,1.140278,Grassland,Natural,C,Topsoil,43.5,30.888,71.00689655
Lugato,2021,51.133611,0.583889,Grassland,Natural,C,Topsoil,29.2,20.844,71.38356164
Lugato,2021,51.154022,-2.287,Grassland,Natural,C,Topsoil,28.9,12.035,41.64359862
Lugato,2021,51.8475,-4.194198,Grassland,Natural,C,Topsoil,80.3,44.184,55.02366127
Lugato,2021,55.703056,-2.293889,Cropland,Managed,C,Topsoil,20.5,14.258,69.55121951
Lugato,2021,56.394722,-4.233611,Grassland,Natural,C,Topsoil,55.6,30.678,55.17625899
Lugato,2021,55.399444,-4.614444,Grassland,Natural,C,Topsoil,39.6,24.616,62.16161616
Berhe,2012,37.848,-122.5318,Grassland,Natural,C,Topsoil,48.59105825,39.64008152,81.57896318
Berhe,2012,37.848,-122.5318,Grassland,Natural,C,Topsoil,41.09692454,34.45371169,83.83525549
Berhe,2012,37.848,-122.5318,Grassland,Natural,C,Subsoil,31.5637207,29.65223158,93.94403106
Berhe,2012,37.848,-122.5318,Grassland,Natural,C,Subsoil,14.62454408,12.48004453,85.33629808
Berhe,2012,37.848,-122.5318,Grassland,Natural,C,Topsoil,24.92008269,19.68413903,78.98905985
Berhe,2012,37.848,-122.5318,Grassland,Natural,C,Topsoil,22.91047037,18.15672653,79.25078027
Berhe,2012,37.848,-122.5318,Grassland,Natural,C,Subsoil,19.68222976,15.16183941,77.033139
Berhe,2012,37.848,-122.5318,Grassland,Natural,C,Subsoil,14.66662511,12.15588285,82.88125429
Berhe,2012,37.848,-122.5318,Grassland,Natural,C,Subsoil,10.22441149,7.812328818,76.40859159
Berhe,2012,37.848,-122.5318,Grassland,Natural,C,Subsoil,8.9283889,5.433441378,60.85578752
Berhe,2012,37.848,-122.5318,Grassland,Natural,C,Topsoil,28.36117188,25.02747771,88.24556975
Berhe,2012,37.848,-122.5318,Grassland,Natural,C,Topsoil,23.69990468,17.27598431,72.89474176
Berhe,2012,37.848,-122.5318,Grassland,Natural,C,Subsoil,21.93680943,16.44542345,74.96725309
Berhe,2012,37.848,-122.5318,Grassland,Natural,C,Subsoil,18.13395858,11.6944332,64.48913591
Berhe,2012,37.848,-122.5318,Grassland,Natural,C,Subsoil,11.85110231,9.385325407,79.19369153
Berhe,2012,37.848,-122.5318,Grassland,Natural,C,Subsoil,9.06052977,7.407616771,81.75699389
Berhe,2012,37.848,-122.5318,Grassland,Natural,C,Subsoil,6.4312772,5.554138649,86.36136302
Berhe,2012,37.848,-122.5318,Grassland,Natural,C,Subsoil,7.16397434,5.919782636,82.63266107
Berhe,2012,37.848,-122.5318,Grassland,Natural,C,Subsoil,4.59231049,3.117918522,67.89433182
Berhe,2012,37.848,-122.5318,Grassland,Natural,C,Topsoil,44.50074375,38.74493037,87.0658041
Berhe,2012,37.848,-122.5318,Grassland,Natural,C,Topsoil,37.25969851,27.69120643,74.3194592
Berhe,2012,37.848,-122.5318,Grassland,Natural,C,Subsoil,28.40700686,22.21942551,78.21811576
Berhe,2012,37.848,-122.5318,Grassland,Natural,C,Subsoil,21.73080444,17.87979822,82.27858416
Berhe,2012,37.848,-122.5318,Grassland,Natural,C,Subsoil,18.97889048,16.52137662,87.05133022
Berhe,2012,37.848,-122.5318,Grassland,Natural,C,Subsoil,17.953493,16.58720286,92.38983667
Berhe,2012,37.848,-122.5318,Grassland,Natural,C,Subsoil,14.96128216,12.88254384,86.10588117
Berhe,2012,37.848,-122.5318,Grassland,Natural,C,Subsoil,13.33607003,8.680388161,65.08955143
Berhe,2012,37.848,-122.5318,Grassland,Natural,C,Subsoil,12.21079111,10.15878739,83.19516156
Berhe,2012,37.848,-122.5318,Grassland,Natural,C,Subsoil,14.40127969,11.67851776,81.09361123
Desjardins,1994,-1.733,-47.15,Tropical Forest,Natural,A,Topsoil,13.7,9.453,69
Desjardins,1994,-1.733,-47.15,Tropical Forest,Natural,A,Topsoil,8.5,7.183,84.50588235
Desjardins,1994,-1.733,-47.15,Grassland,Natural,A,Topsoil,11.8,7.568,64.13559322
Desjardins,1994,-1.733,-47.15,Grassland,Natural,A,Topsoil,7.4,6.278,84.83783784
Harden,1987,37.3855,-120.76801,Grassland,Natural,B,Topsoil,22.4,7.7028,34.3875
Harden,1987,37.3855,-120.76801,Grassland,Natural,B,Topsoil,10,8.1423,81.423
Harden,1987,37.3855,-120.76801,Grassland,Natural,B,Subsoil,5.2,4.059,78.05769231
Harden,1987,37.36108,-120.85492,Grassland,Natural,B,Topsoil,7,0.586794141,8.382773436
Harden,1987,37.36108,-120.85492,Grassland,Natural,B,Topsoil,4.6,1.566050972,34.04458635
Harden,1987,37.36108,-120.85492,Grassland,Natural,B,Subsoil,2,0.099348485,4.967424254
Harden,1987,37.36108,-120.85492,Grassland,Natural,B,Subsoil,2.5,0.993637515,39.7455006
Harden,1987,37.36108,-120.85492,Grassland,Natural,B,Subsoil,0.6,0.099309052,16.55150868
Harden,1987,37.36108,-120.85492,Grassland,Natural,B,Subsoil,2.1,0.69625018,33.15477049
Harden,1987,37.51611,-120.49329,Grassland,Natural,C,Topsoil,3.1,0.987705154,31.86145658
Harden,1987,37.51611,-120.49329,Grassland,Natural,C,Subsoil,1.5,0.696771745,46.45144968
Harden,1987,37.51611,-120.49329,Grassland,Natural,C,Subsoil,1,0.298497321,29.84973213
Heckman,2010,31.8875,-109.28,Shrubland,Natural,B,Topsoil,174.2642263,13.31932833,7.643179909
Heckman,2010,31.8875,-109.28,Shrubland,Natural,B,Topsoil,57.80419434,5.571561136,9.638679684
Heckman,2010,31.8875,-109.28,Shrubland,Natural,B,Subsoil,11.87620267,4.033829582,33.96565126
Heckman,2010,31.8875,-109.28,Shrubland,Natural,B,Subsoil,9.23205666,2.194677087,23.77235287
Heckman,2010,31.8875,-109.28,Shrubland,Natural,B,Subsoil,2.44921034,1.852556759,75.63894078
Heckman,2010,31.8875,-109.28,Shrubland,Natural,B,Subsoil,2.87980905,1.772440906,61.54716771
Heckman,2010,31.8875,-109.28,Shrubland,Natural,B,Topsoil,46.14645116,14.17011166,30.70682859
Heckman,2010,31.8875,-109.28,Shrubland,Natural,B,Topsoil,41.57980444,11.31222832,27.20606426
Heckman,2010,31.8875,-109.28,Shrubland,Natural,B,Subsoil,21.93567513,7.615967494,34.71954909
Heckman,2010,31.8875,-109.28,Shrubland,Natural,B,Topsoil,31.08572327,9.26461606,29.80344379
Heckman,2010,31.8875,-109.28,Shrubland,Natural,B,Subsoil,19.26613345,7.281398686,37.79377271
Heckman,2010,31.8875,-109.28,Shrubland,Natural,B,Subsoil,10.27753981,3.669837159,35.70735046
Heckman,2010,31.8875,-109.28,Shrubland,Natural,B,Subsoil,4.94230723,1.926994844,38.98978259
Heckman,2010,31.8875,-109.28,Shrubland,Natural,B,Subsoil,1.84888261,1.268653397,68.6173038
Heckman,2010,31.8875,-109.28,Shrubland,Natural,B,Topsoil,83.83213359,12.46593867,14.87011976
Heckman,2010,31.8875,-109.28,Shrubland,Natural,B,Topsoil,39.55004408,8.233333461,20.81750767
Heckman,2010,31.8875,-109.28,Shrubland,Natural,B,Subsoil,16.9059389,5.855389843,34.63510591
Heckman,2010,31.8875,-109.28,Shrubland,Natural,B,Subsoil,9.55327753,6.522483601,68.27482589
Heckman,2010,31.8875,-109.28,Shrubland,Natural,B,Subsoil,3.69450291,3.553755826,96.19036479
Heckman,2010,32.418889,-110.735278,Shrubland,Natural,B,Topsoil,35.629,9.211208291,25.85312047
Heckman,2010,32.418889,-110.735278,Shrubland,Natural,B,Subsoil,25.63,5.719730251,22.31654409
Heckman,2010,32.418889,-110.735278,Shrubland,Natural,B,Subsoil,10.394,4.273524314,41.11530031
Heckman,2010,32.418889,-110.735278,Shrubland,Natural,B,Topsoil,23.261,6.24569103,26.85048377
Heckman,2010,32.418889,-110.735278,Shrubland,Natural,B,Topsoil,17.265,5.406664975,31.31575427
Heckman,2010,32.418889,-110.735278,Shrubland,Natural,B,Subsoil,12.912,3.142868258,24.34067734
Heckman,2010,32.418889,-110.735278,Shrubland,Natural,B,Topsoil,25.963,3.736538326,14.39178187
Heckman,2010,32.418889,-110.735278,Shrubland,Natural,B,Subsoil,9.999,4.254018378,42.54443822
Heckman,2010,32.418889,-110.735278,Shrubland,Natural,B,Subsoil,8.06,2.506814108,31.10191201
Heckman,2010,32.418889,-110.735278,Shrubland,Natural,B,Topsoil,28.28433333,6.561936092,23.19989662
Heckman,2010,32.418889,-110.735278,Shrubland,Natural,B,Subsoil,17.63133333,5.131610869,29.10506411
Heckman,2010,32.418889,-110.735278,Shrubland,Natural,B,Subsoil,10.45533333,3.309470653,31.65342078
Heckman,2010,35.159444,-111.740833,Shrubland,Natural,C,Topsoil,39.12356948,8.65574917,22.12412948
Heckman,2010,35.159444,-111.740833,Shrubland,Natural,C,Subsoil,20.47168152,7.279452479,35.55864462
Heckman,2010,35.159444,-111.740833,Shrubland,Natural,C,Subsoil,10.97638357,3.673744556,33.46953514
Heckman,2010,35.159444,-111.740833,Shrubland,Natural,C,Subsoil,6.37581956,4.75313634,74.54941746
Heckman,2010,35.159444,-111.740833,Shrubland,Natural,C,Topsoil,49.36834091,10.86886048,22.0158512
Heckman,2010,35.159444,-111.740833,Shrubland,Natural,C,Subsoil,13.12974522,5.096658792,38.81765188
Heckman,2010,35.159444,-111.740833,Shrubland,Natural,C,Subsoil,10.30935065,5.149531571,49.95010594
Heckman,2010,35.159444,-111.740833,Shrubland,Natural,C,Subsoil,7.23807368,4.438341595,61.31937572
Heckman,2010,35.159444,-111.740833,Shrubland,Natural,C,Topsoil,43.54195704,10.41190224,23.91234329
Heckman,2010,35.159444,-111.740833,Shrubland,Natural,C,Subsoil,6.57680002,4.178918038,63.54029353
Heckman,2010,35.159444,-111.740833,Shrubland,Natural,C,Topsoil,44.01128914,9.99256867,22.704558
Heckman,2010,35.159444,-111.740833,Shrubland,Natural,C,Subsoil,14.53348671,7.604084163,52.32112786
Heckman,2010,35.159444,-111.740833,Shrubland,Natural,C,Subsoil,8.37782729,4.702188517,56.12658693
Heckman,2010,35.159444,-111.740833,Shrubland,Natural,C,Subsoil,6.73023109,4.456807844,66.22072533
Heckman,2010,35.084444,-111.609722,Shrubland,Natural,C,Topsoil,11.57719035,7.846824252,67.77831248
Heckman,2010,35.084444,-111.609722,Shrubland,Natural,C,Topsoil,10.07090023,7.780103137,77.25330367
Heckman,2010,35.084444,-111.609722,Shrubland,Natural,C,Topsoil,16.67540694,6.613700074,39.66140135
Heckman,2010,35.084444,-111.609722,Shrubland,Natural,C,Topsoil,17.18957894,7.037797883,40.94223546
Heckman,2010,35.084444,-111.609722,Shrubland,Natural,C,Topsoil,26.90466366,7.996676393,29.72226858
Heckman,2010,35.084444,-111.609722,Shrubland,Natural,C,Topsoil,17.10193245,6.424161113,37.56394858
Heckman,2010,35.084444,-111.609722,Shrubland,Natural,C,Topsoil,18.38575365,7.480181009,40.68465809
Heckman,2010,35.084444,-111.609722,Shrubland,Natural,C,Topsoil,14.78747054,7.081731261,47.89007858
Khomo,2017,-23.30765728,31.54653129,Savanna,Natural,B,Topsoil,8.2,6.633,80.8902439
Khomo,2017,-23.30765728,31.54653129,Savanna,Natural,B,Topsoil,6.4,5.292,82.6875
Khomo,2017,-23.02962842,31.26986481,Savanna,Natural,B,Topsoil,8,4.559,56.9875
Khomo,2017,-23.02962842,31.26986481,Savanna,Natural,B,Subsoil,8,3.822,47.775
Khomo,2017,-23.51110799,31.39929655,Savanna,Natural,B,Topsoil,60.4,38.456,63.66887417
Khomo,2017,-23.51110799,31.39929655,Savanna,Natural,B,Topsoil,30.4,23.085,75.9375
Khomo,2017,-23.05538913,31.26214833,Savanna,Natural,B,Topsoil,18.6,10.165,54.65053763
Khomo,2017,-23.05538913,31.26214833,Savanna,Natural,B,Topsoil,34,13.8,40.58823529
Khomo,2017,-23.05538913,31.26214833,Savanna,Natural,B,Topsoil,33.8,13.95,41.27218935
Khomo,2017,-23.30627919,31.4756085,Savanna,Natural,B,Topsoil,19.4,16.289,83.96391753
Khomo,2017,-23.30627919,31.4756085,Savanna,Natural,B,Topsoil,18.4,11.76,63.91304348
Khomo,2017,-23.30627919,31.4756085,Savanna,Natural,B,Subsoil,16.2,11.454,70.7037037
Khomo,2017,-23.30627919,31.4756085,Savanna,Natural,B,Subsoil,19.2,10.752,56
Khomo,2017,-23.31659419,31.45366551,Savanna,Natural,B,Topsoil,24.1,13.706,56.87136929
Khomo,2017,-23.31659419,31.45366551,Savanna,Natural,B,Topsoil,17.9,14.168,79.15083799
Khomo,2017,-23.31659419,31.45366551,Savanna,Natural,B,Subsoil,15.6,12.232,78.41025641
Khomo,2017,-23.31659419,31.45366551,Savanna,Natural,B,Subsoil,12.5,8.36,66.88
Khomo,2017,-23.31659419,31.45366551,Savanna,Natural,B,Subsoil,18,7.826,43.47777778
Khomo,2017,-25.02026148,31.50028653,Savanna,Natural,B,Topsoil,7,5.0388,71.98285714
Khomo,2017,-25.02009764,31.50105153,Savanna,Natural,B,Topsoil,7,4.752,67.88571429
Khomo,2017,-25.02009764,31.50105153,Savanna,Natural,B,Topsoil,4,3.96,99
Khomo,2017,-25.02014135,31.50180411,Savanna,Natural,B,Topsoil,8,7.296,91.2
Khomo,2017,-25.02014135,31.50180411,Savanna,Natural,B,Topsoil,7,4.802,68.6
Khomo,2017,-25.14416179,31.30482027,Savanna,Natural,C,Topsoil,21.8,15.326,70.30275229
Khomo,2017,-25.14416179,31.30482027,Savanna,Natural,C,Topsoil,19.7,14.345,72.81725888
Khomo,2017,-25.20153497,31.28119299,Savanna,Natural,C,Topsoil,23,9.504,41.32173913
Khomo,2017,-25.20153497,31.28119299,Savanna,Natural,C,Topsoil,5,3.136,62.72
Mcfarlane,2013,42.53798333,-72.17194444,Temperate Forest,Natural,D,Topsoil,55.2974,30.37180594,54.92447374
Mcfarlane,2013,42.53798333,-72.17194444,Temperate Forest,Natural,D,Topsoil,46.8186,35.0751022,74.91702487
Mcfarlane,2013,42.53815,-72.17166667,Temperate Forest,Natural,D,Topsoil,81.4635,47.32944293,58.09895588
Mcfarlane,2013,42.53815,-72.17166667,Temperate Forest,Natural,D,Topsoil,51.5009,36.05997295,70.01814133
Mcfarlane,2013,42.53805,-72.17194444,Temperate Forest,Natural,D,Topsoil,77.3155,32.71914155,42.31899366
Mcfarlane,2013,42.53805,-72.17194444,Temperate Forest,Natural,D,Topsoil,30.504,26.84762069,88.01344314
Mcfarlane,2013,42.538,-72.17138889,Temperate Forest,Natural,D,Topsoil,150.436,30.30055546,20.14182474
Mcfarlane,2013,42.538,-72.17138889,Temperate Forest,Natural,D,Topsoil,76.1752,48.53819086,63.7191512
Mcfarlane,2013,42.53808333,-72.17166667,Temperate Forest,Natural,D,Topsoil,43.196,28.30334579,65.52307109
Mcfarlane,2013,42.53808333,-72.17166667,Temperate Forest,Natural,D,Topsoil,35.9315,26.58905235,73.99928295
Mcfarlane,2013,45.55916667,-84.71388889,Temperate Forest,Natural,D,Topsoil,11.6265,2.074357677,17.84163486
Mcfarlane,2013,45.55916667,-84.71388889,Temperate Forest,Natural,D,Topsoil,2.0337,0.455473673,22.39630589
Mcfarlane,2013,45.56527778,-84.71833333,Temperate Forest,Natural,D,Topsoil,14.8991,7.655495209,51.3822661
Mcfarlane,2013,45.56527778,-84.71833333,Temperate Forest,Natural,D,Topsoil,4.476,1.889121964,42.20558455
Mcfarlane,2013,45.56222222,-84.7175,Temperate Forest,Natural,D,Topsoil,15.5512,10.57276404,67.98680512
Mcfarlane,2013,45.56222222,-84.7175,Temperate Forest,Natural,D,Topsoil,4.6809,1.962229553,41.91992038
Mcfarlane,2013,45.55888889,-84.7175,Temperate Forest,Natural,D,Topsoil,22.2183,10.13961046,45.63630188
Mcfarlane,2013,45.55888889,-84.7175,Temperate Forest,Natural,D,Topsoil,7.6547,3.979626881,51.98932526
Mcfarlane,2013,45.55972222,-84.71138889,Temperate Forest,Natural,D,Topsoil,17.908,11.79651044,65.87285259
Mcfarlane,2013,45.55972222,-84.71138889,Temperate Forest,Natural,D,Topsoil,3.4577,2.022835595,58.50234535
Mcfarlane,2013,45.48456667,-84.68416667,Temperate Forest,Natural,D,Topsoil,34.849,22.65270485,65.002453
Mcfarlane,2013,45.48456667,-84.68416667,Temperate Forest,Natural,D,Topsoil,24.917,16.24999357,65.21649303
Mcfarlane,2013,45.48456667,-84.68416667,Temperate Forest,Natural,D,Topsoil,56.923,28.84820691,50.6793509
Mcfarlane,2013,45.48456667,-84.68416667,Temperate Forest,Natural,D,Topsoil,40.035,23.04750108,57.56838036
Mcfarlane,2013,45.48463333,-84.68416667,Temperate Forest,Natural,D,Topsoil,67.588,46.44867427,68.72325601
Mcfarlane,2013,45.48456667,-84.68444444,Temperate Forest,Natural,D,Topsoil,105.94,54.69461245,51.62791434
Mcfarlane,2013,45.48456667,-84.68444444,Temperate Forest,Natural,D,Topsoil,163.92,52.4668997,32.00762549
Mcfarlane,2013,45.48456667,-84.68444444,Temperate Forest,Natural,D,Topsoil,50.082,32.59576165,65.08478425
Mcfarlane,2013,45.48456667,-84.68444444,Temperate Forest,Natural,D,Topsoil,26.167,23.7202132,90.64934155
Mcfarlane,2013,38.74245,-92.20009,Temperate Forest,Natural,C,Topsoil,32.9755,14.71784639,44.63267088
Mcfarlane,2013,38.74245,-92.20009,Temperate Forest,Natural,C,Topsoil,15.6733,9.33075264,59.53278914
Mcfarlane,2013,38.74283,-92.20191,Temperate Forest,Natural,C,Topsoil,30.1765,15.7138596,52.07316821
Mcfarlane,2013,38.74283,-92.20191,Temperate Forest,Natural,C,Topsoil,11.4738,6.996640149,60.97927582
Mcfarlane,2013,38.74346,-92.20139,Temperate Forest,Natural,C,Topsoil,25.9863,14.07230756,54.15279419
Mcfarlane,2013,38.74346,-92.20139,Temperate Forest,Natural,C,Topsoil,9.8167,6.838188157,69.65872602
Mcfarlane,2013,38.74445,-92.20132,Temperate Forest,Natural,C,Topsoil,26.1344,14.63221823,55.98834575
Mcfarlane,2013,38.74445,-92.20132,Temperate Forest,Natural,C,Topsoil,9.8167,5.660290519,57.65980949
Mcfarlane,2013,38.74454,-92.20095,Temperate Forest,Natural,C,Topsoil,28.3305,11.81643713,41.70924314
Mcfarlane,2013,38.74454,-92.20095,Temperate Forest,Natural,C,Topsoil,8.2915,4.868383137,58.7153487
Mcfarlane,2013,44.06438112,-71.28776737,Temperate Forest,Natural,D,Topsoil,46.281,30.15917545,65.16534961
Mcfarlane,2013,44.06438112,-71.28776737,Temperate Forest,Natural,D,Topsoil,39.1232,29.36801711,75.06547805
Mcfarlane,2013,44.06441867,-71.28774592,Temperate Forest,Natural,D,Topsoil,28.0566,17.74607404,63.25097852
Mcfarlane,2013,44.06441867,-71.28774592,Temperate Forest,Natural,D,Topsoil,69.3851,42.49100019,61.23937299
Mcfarlane,2013,44.06443477,-71.28767618,Temperate Forest,Natural,D,Topsoil,22.2975,10.12898879,45.42656705
Mcfarlane,2013,44.06443477,-71.28767618,Temperate Forest,Natural,D,Topsoil,17.003,11.43873329,67.27479438
Mcfarlane,2013,44.06437576,-71.28771373,Temperate Forest,Natural,D,Topsoil,53.2669,21.57025404,40.4946675
Mcfarlane,2013,44.06437576,-71.28771373,Temperate Forest,Natural,D,Topsoil,40.1914,25.3265265,63.01479048
Mcfarlane,2013,44.06437576,-71.28774055,Temperate Forest,Natural,D,Topsoil,47.4276,9.374714563,19.76636929
Mcfarlane,2013,44.06437576,-71.28774055,Temperate Forest,Natural,D,Topsoil,34.8722,26.76319721,76.74651215
